transaction_id,user_id,device_id,merchant_id,amount,timestamp,label
11dcbfd9-b32f-4173-8a5e-31f3df09d6ef,4463,dev_5605,merch_5745,596.34,2025-07-10 15:18:40,0
a1b46d9c-df75-4d63-bb3d-2566068445b7,8458,dev_9651,merch_8633,5308.43,2025-07-10 14:11:27,0
ac703d61-e0a5-4b6d-93c1-a93b4147c675,2407,dev_9327,merch_8572,561.56,2025-07-10 03:33:28,0
b95d4012-aa7a-429f-82ab-848d515c5097,5893,dev_4663,merch_2804,2189.15,2025-07-10 15:57:57,0
31eac7c7-1828-41c2-b95a-e627ba91310a,9077,dev_7305,merch_3534,2981.95,2025-07-10 19:16:43,0
a3256ed0-1048-4970-9b13-ab31bfda0c92,7965,dev_1888,merch_7030,236.75,2025-07-10 12:19:39,0
5e952149-e54e-4f39-9445-853aac94f83a,2605,dev_6584,merch_9180,2.46,2025-07-10 10:35:51,0
1366893b-5e25-41c2-b0ae-cd44615db127,1821,dev_6963,merch_3336,1931.53,2025-07-10 13:27:17,0
f97d97ed-1312-4466-85f3-b999ffd142bf,3122,dev_7585,merch_3137,1229.29,2025-07-10 09:15:22,0
3caf31b4-7634-4ee2-82f7-7959260fe5d7,9077,dev_2543,merch_8279,4251.79,2025-07-10 10:53:31,0
56043f57-1465-4584-a140-9c1e155f163f,6067,dev_4147,merch_3129,783.29,2025-07-10 08:10:04,0
890290f7-8dc0-4d6a-bd87-f9619a6da36e,2593,dev_5348,merch_6303,5997.53,2025-07-10 12:38:24,1
341fff9c-405a-4227-b7b1-55366a134f5b,4409,dev_3549,merch_5763,3531.88,2025-07-10 03:34:19,0
6c19f71e-570d-4a4a-b579-dd688832954b,1971,dev_9021,merch_1955,5432.64,2025-07-10 04:49:29,0
73a386d8-0596-4382-9609-f534e07b75b3,2270,dev_9582,merch_6719,463.97,2025-07-10 05:15:40,0
e907d3c0-7620-4d48-a9ce-70ea28ec217b,4723,dev_6287,merch_4822,400.94,2025-07-10 14:24:58,0
5dd444cb-3844-4957-a999-1a878503dc02,1842,dev_4815,merch_2852,2204.82,2025-07-10 03:56:20,0
840b13a9-9976-49e4-a8d7-457967135a8b,9200,dev_3288,merch_9542,2714.7,2025-07-10 04:13:40,0
6c6bdc46-5ae8-43d3-8d5e-dfa8edfe14f7,3804,dev_7518,merch_8212,4593.32,2025-07-10 01:22:47,0
7de600d9-462b-43e8-9df0-ea2a58d263a4,6785,dev_5059,merch_9201,155.95,2025-07-10 12:36:34,0
1ef49c03-f011-43a9-94db-2956b787f060,3906,dev_7589,merch_3113,3815.11,2025-07-09 21:39:07,0
0e3736cf-2cac-4d39-8f13-593f8ce5c681,7094,dev_2250,merch_4313,1227.25,2025-07-10 11:02:00,0
f10f9586-7dd2-4a3c-9ba6-dfa4a77d28ec,3195,dev_8498,merch_9141,5481.32,2025-07-10 12:30:02,0
f5749ab6-920c-44b1-880e-ee9b0d955981,9104,dev_8909,merch_3656,1231.83,2025-07-10 15:14:11,0
15d639f1-519c-42e3-9189-04b66002f539,6882,dev_8019,merch_7873,2315.09,2025-07-10 08:00:47,0
35501278-89f4-4840-a159-5694c378ac70,8712,dev_1250,merch_9359,700.49,2025-07-10 02:22:27,0
43be48e4-3adf-4f76-a9e2-9df259316993,7969,dev_3729,merch_1603,7176.24,2025-07-10 15:36:51,0
cfaa47cd-714c-4453-826a-0d394bcec77b,2876,dev_3845,merch_1052,2034.0,2025-07-10 05:57:12,0
96ffd4b6-eeb7-4bdb-a4cf-ecce3a722b25,8606,dev_5018,merch_5708,3955.1,2025-07-09 22:03:22,0
4061fe1f-4052-4621-a02f-dedd5647037f,2654,dev_9341,merch_3408,1833.27,2025-07-10 08:40:51,0
c84194c8-0199-4232-834d-99c0d803ccb7,3310,dev_8082,merch_2768,1702.45,2025-07-10 16:48:52,0
7e7df5c7-d202-45e2-ae12-0709af5ef191,9854,dev_3903,merch_5995,878.63,2025-07-09 22:19:08,0
ceb5fc06-695a-415b-9550-28e9b2335f1f,1015,dev_5549,merch_8363,40.17,2025-07-10 16:47:11,0
8f677f9b-04d8-4b4c-b676-313078c6f04e,8520,dev_9289,merch_5939,6938.08,2025-07-10 13:38:22,0
9707e73a-39b4-44ec-861c-8f459bf8cbea,3581,dev_9017,merch_9898,240.92,2025-07-10 16:28:22,0
e44c34bc-3601-41bb-b74f-a2b3510c4225,5517,dev_8438,merch_2702,2571.12,2025-07-10 00:35:35,0
f5091bee-dbd9-4386-8aa9-d88d67e45e68,6709,dev_9364,merch_1582,5476.75,2025-07-10 15:50:34,0
25ae0288-d3b1-4f2d-8070-37e119cb3c86,9781,dev_7117,merch_6353,445.54,2025-07-09 23:16:07,0
73be1d1c-378c-4b25-8679-83de3dc95497,7394,dev_2508,merch_6754,1112.24,2025-07-10 06:46:56,0
df191c1c-eac6-4798-b80d-f95d64d4c852,9667,dev_4422,merch_2239,671.38,2025-07-10 00:26:28,0
7e3a3433-d26a-4fc9-9ab5-2f09bd19f3fe,9229,dev_2754,merch_3791,577.71,2025-07-10 08:58:36,0
8f63b048-4077-45ec-81d2-47187012c642,6997,dev_5067,merch_7190,30.36,2025-07-10 02:31:48,0
18f1e4e4-5e0b-4749-ae26-0c1f2b38b918,4004,dev_3506,merch_3296,2311.92,2025-07-10 07:00:39,0
65f6373d-7173-4d72-80a4-082d4eddd6d2,3303,dev_1344,merch_5911,608.02,2025-07-10 11:49:49,0
dcbf78fb-b73d-44c0-b291-292151bab9ad,1728,dev_4097,merch_6019,818.92,2025-07-10 13:37:52,0
a6f46317-2768-4681-8a89-551b9c963f1e,9262,dev_6867,merch_3060,5504.63,2025-07-10 13:56:08,0
25e3fd67-8f1b-4745-9188-7619b0c03d74,3845,dev_9404,merch_7071,2889.68,2025-07-10 16:10:55,0
5ef2576b-09f0-4622-8ae4-ed62d693ad5a,6716,dev_9166,merch_6435,4181.63,2025-07-10 01:48:28,0
9427e46a-8dcc-44e4-8301-1066c5deedf6,4820,dev_7317,merch_1656,4914.23,2025-07-10 08:58:59,0
389b34e6-0955-4fce-9189-f7adc7eb8f03,7881,dev_4509,merch_4767,2596.21,2025-07-10 09:44:34,0
6f139be8-b377-4d18-9e84-ab199673eb5d,3580,dev_6930,merch_6256,3705.98,2025-07-10 19:10:26,0
df49d648-109d-40e6-8f6b-00fa994155a4,5457,dev_9968,merch_7291,13619.44,2025-07-10 00:41:26,0
63632761-52fb-4965-9839-fa065b50a0f9,7168,dev_9552,merch_6247,3454.42,2025-07-10 10:44:14,0
4a8962fa-2cd7-491d-bf0f-e3c7af2141f8,6531,dev_1251,merch_7034,1127.41,2025-07-10 17:26:01,0
5dcb5600-0c9b-40a3-8390-ac4aae915964,3664,dev_6104,merch_4203,555.5,2025-07-10 04:37:30,0
0a7f51ca-0299-48f7-9029-01967d32dc6c,6430,dev_9345,merch_5818,3410.21,2025-07-10 08:41:46,0
2f9508cd-b9f4-4d66-a43c-c75d811efad9,5850,dev_9984,merch_8726,362.97,2025-07-10 19:28:17,0
a716e26c-347e-4baa-bfab-0ac491cb3a29,3064,dev_2603,merch_1251,1817.62,2025-07-10 14:02:11,0
1cdcf919-18bd-4eff-9a70-f7f51fc034b0,9636,dev_5475,merch_5082,2000.26,2025-07-09 21:55:17,0
5602c182-8782-4b1f-aff3-9599895e4fb1,6183,dev_1171,merch_9258,830.2,2025-07-10 17:12:44,0
1ee96b35-5196-4fa7-a222-af44155148f9,7113,dev_4420,merch_4066,2390.28,2025-07-10 10:57:35,0
79ba9acc-d0ed-44d6-af65-ee7eb346bc60,4261,dev_7330,merch_3466,5233.07,2025-07-10 06:59:30,0
9b11360f-7f25-46b0-b6d1-ef3273c62200,5326,dev_6418,merch_7227,1549.43,2025-07-10 04:24:21,0
ccdc0480-d57c-4f13-ae89-ec8b18f9072f,4981,dev_9150,merch_3753,6933.2,2025-07-10 21:00:41,0
66660dc8-c5d8-46ad-b813-949f76a301c4,1499,dev_3799,merch_6605,2634.68,2025-07-10 12:07:11,0
ba8f9753-5d19-4c8e-95d8-cd41e559862d,5500,dev_3947,merch_2229,1821.93,2025-07-10 15:36:00,0
0343f116-40d7-4859-b024-7146b9666cab,5490,dev_5167,merch_6565,6228.0,2025-07-09 23:39:39,0
88765bc4-e10c-4e11-92d4-667451b6d4cf,8337,dev_2348,merch_7965,8340.07,2025-07-09 23:12:01,0
3bd1420d-d8d5-4a60-b0b7-bc7d1e74d02f,8365,dev_7269,merch_2400,1131.88,2025-07-10 18:34:35,0
bfc09ce8-1c0c-4040-9d51-765753f2adaa,8470,dev_7024,merch_5397,13503.31,2025-07-10 13:26:12,0
7a94466b-a5dd-4542-bfe2-4e9c2889bd89,8374,dev_3176,merch_5403,6589.24,2025-07-10 04:12:34,0
abab4d71-0e11-440c-a91b-230b65470073,6849,dev_2885,merch_3695,4703.84,2025-07-09 21:45:58,0
0ac101c9-a4c3-4cf0-b787-d80fe18268f6,1092,dev_2614,merch_6506,3904.17,2025-07-09 22:53:39,0
88f724d4-c44a-45a8-a519-876d30be916b,7160,dev_4190,merch_4869,563.18,2025-07-10 15:57:38,0
051a0156-736c-48f3-b4a1-f2a9a6cc8855,6646,dev_7450,merch_3039,1140.12,2025-07-09 23:04:51,0
c3675795-2d58-4581-9262-c3d5716c21c5,2348,dev_5714,merch_2852,4649.78,2025-07-10 10:41:46,0
23b910ad-8126-4b0a-8f82-d77966025a61,9326,dev_7496,merch_4801,3599.35,2025-07-10 00:04:56,0
a59d5f96-03f9-4826-b0e7-df5635a2f46e,5407,dev_8919,merch_2083,15677.14,2025-07-10 03:45:42,0
e1b13020-07f1-4d50-a6ad-74ef7d9a13e3,3948,dev_8371,merch_9125,345.27,2025-07-10 20:23:41,0
c5ef1aec-4523-45b1-b762-47abda4e143b,6130,dev_9464,merch_4867,788.46,2025-07-10 19:37:00,0
609f0cd7-06a7-4d9f-a4e7-d463f500fcaa,2219,dev_4694,merch_7062,85.44,2025-07-10 18:06:22,0
edf7c783-1f6b-44c3-81d8-fe8eaca261ab,1018,dev_3786,merch_2823,4079.26,2025-07-10 06:02:52,0
3eaea57d-6a73-42ea-ab3d-207c32584583,8855,dev_3857,merch_6426,719.07,2025-07-10 07:32:20,0
ce12e7cf-39fe-424b-a5d2-0af5ed2577ae,5397,dev_7831,merch_2044,4679.62,2025-07-10 18:49:59,0
aa07278a-8aea-4855-bf3c-42e58723c1c1,4245,dev_9436,merch_9521,1053.57,2025-07-10 03:16:39,0
e2ddc9fb-ddee-4c62-b083-1a6e1cbb1c60,6871,dev_2686,merch_3581,4790.55,2025-07-10 13:50:01,0
97750ab1-5d81-4aaa-a60e-8d33bc17accc,4463,dev_8024,merch_4504,1370.51,2025-07-09 22:49:42,0
17353e39-091d-459d-b9dd-844caea9e615,7004,dev_8154,merch_4975,6927.62,2025-07-09 23:03:28,0
3befe3c3-1f4f-4fb7-8c2a-811f2b41d208,8968,dev_5646,merch_3150,5953.01,2025-07-10 13:51:02,0
6ec9c33f-431d-4f4d-8906-1146dab64186,6547,dev_1893,merch_1654,157.3,2025-07-10 18:56:21,0
90d7403a-3573-49bf-889d-1923323243b4,6171,dev_2125,merch_9449,5631.5,2025-07-10 06:33:15,0
76993102-7e0b-4216-b980-f4274718364c,5993,dev_1143,merch_2035,3627.58,2025-07-10 06:31:20,0
c8451427-62fa-4b1e-b67c-0a37c8067640,5100,dev_7203,merch_1342,3079.61,2025-07-10 02:52:38,0
c1b2b29a-1370-411e-8d71-9a196b4824f4,3251,dev_1880,merch_8422,2843.58,2025-07-10 14:09:55,0
0b08d539-9c47-4c68-82cf-5b7d98bc2ca5,4946,dev_7470,merch_9356,5698.45,2025-07-10 01:03:41,0
b45f7150-c2a2-45af-bd2f-25ebd2852239,8669,dev_9894,merch_4339,4154.05,2025-07-10 13:09:44,0
426cd99b-ffbb-4e0a-9a78-4c6f08e6b7c9,2652,dev_6660,merch_2921,1616.55,2025-07-10 07:38:21,0
92b83c90-ecf0-41ea-a45a-e20a3d8d3cf3,6333,dev_5889,merch_5372,2034.64,2025-07-09 23:08:57,0
190d99e7-5437-4990-b0c8-16e9be6150c0,3599,dev_9360,merch_8565,3760.87,2025-07-10 12:25:03,0
d9978e9c-b74f-413c-a0f8-9b990a84a7c2,8467,dev_9341,merch_1355,1827.55,2025-07-10 21:07:55,0
d4f1f4fc-f2af-4ba5-b615-30370fc0b2f3,2142,dev_1024,merch_6450,954.25,2025-07-10 14:36:41,0
d5039915-4286-463b-8a9b-28317c707a65,7856,dev_4899,merch_1678,2626.35,2025-07-10 12:09:02,0
7305c730-e9bf-4d1e-bb64-2cc80a2cf9ea,9761,dev_6751,merch_1513,778.37,2025-07-10 18:26:10,0
27ddaefd-ca26-4446-9897-8c508f9c2ff1,7769,dev_8698,merch_4842,20910.73,2025-07-10 17:15:25,0
f9312d19-5165-4663-8a97-25e595bdb57d,5440,dev_3526,merch_4090,1049.61,2025-07-09 23:18:53,0
9f61d0c1-de33-465c-97ad-52458cb4daf9,7472,dev_2681,merch_2167,10014.32,2025-07-10 17:09:03,0
0b7a6cd9-ab9b-44c3-be49-14a999b794fb,7286,dev_8249,merch_1279,16265.95,2025-07-10 10:05:18,0
634e2fd2-1e49-4724-b7d4-b4dc8def4dd2,9798,dev_7965,merch_5416,2703.18,2025-07-10 20:11:21,0
be33924a-9d10-4200-b925-8c474e4f1982,5592,dev_7389,merch_5959,485.42,2025-07-10 10:24:51,0
556af06d-4162-4311-a698-d161f92671b1,7514,dev_7016,merch_7045,3554.09,2025-07-10 05:21:28,0
44a4c15a-d5a6-46a3-a51b-6a3cfa3cbe02,2101,dev_9165,merch_5500,8829.32,2025-07-10 01:49:05,0
60386201-1ae6-4790-ae87-c43b70962433,3984,dev_4533,merch_6787,6345.03,2025-07-10 17:13:36,0
c9969f4f-a9ef-40e2-90dd-92a2f293f35e,5004,dev_2438,merch_6691,2722.24,2025-07-10 17:51:32,0
eceb1b15-3981-4fed-a983-0847e7c3aa5c,1589,dev_3253,merch_6420,2629.91,2025-07-10 16:02:07,0
f922ce38-9cd5-4a10-88ca-4b5035cde70f,9408,dev_2109,merch_9297,510.02,2025-07-10 07:38:03,0
306bcb09-0478-487d-ae31-151bb0b9df9d,5972,dev_2880,merch_2232,402.24,2025-07-10 09:33:17,0
76588992-fef2-49de-a8b8-205e4b2035ac,1778,dev_9395,merch_3111,3450.34,2025-07-10 18:37:41,0
74bb6eec-3422-444e-af6b-2186bd88590b,6905,dev_1544,merch_6390,298.04,2025-07-10 10:59:33,0
2f178c57-1519-4479-a326-20808ccc25d7,6626,dev_1905,merch_5894,5994.2,2025-07-10 11:35:35,0
1fa4ea2c-c5d5-4800-9e55-8e225f5a3ebf,7217,dev_2204,merch_8826,2028.28,2025-07-10 10:45:28,0
eb1fd741-aa7e-4bf2-be5f-72fb0fb86e69,4021,dev_2818,merch_4868,7273.49,2025-07-10 20:22:37,0
1be7fb48-9e9e-4756-94f4-2d3ecf931d80,5965,dev_5583,merch_8359,834.22,2025-07-10 15:20:43,0
d136b3ac-72c9-458d-88c5-d6cb7c49cbf2,4582,dev_2823,merch_4137,3958.83,2025-07-10 14:01:55,0
30ba4787-8e6b-4a1d-a6ac-c2eb47e7ae72,7365,dev_9788,merch_5043,1826.3,2025-07-09 22:10:23,0
8f324f4e-f325-4162-bfbf-14872059fe48,7263,dev_3576,merch_4058,2245.98,2025-07-10 13:04:19,0
b0632641-40de-4dfe-9396-8b0032f29aab,9602,dev_8871,merch_3547,442.81,2025-07-09 22:39:39,0
3c967dce-3f2e-48d6-b610-93f12e76b06b,1459,dev_2538,merch_8511,1408.1,2025-07-10 15:45:27,0
d82f2f82-8798-4fe9-9b2e-2135fc89cd4f,3938,dev_5280,merch_6132,39.34,2025-07-10 10:25:54,0
8c84e5e9-997e-413f-8296-994aff365876,3923,dev_8218,merch_5800,7804.27,2025-07-10 19:12:04,0
1b7bdda6-a8a8-4b09-932b-b8bcac3d2830,2337,dev_8091,merch_7294,2551.61,2025-07-10 11:03:41,0
86d4b207-3329-4154-b86a-fc4759f82b7b,9702,dev_5135,merch_2434,5559.51,2025-07-10 04:48:11,0
e9feabcb-ad71-41b7-9955-062bc505ddb3,3230,dev_3993,merch_2563,3964.97,2025-07-10 17:44:40,0
632e9e8d-7577-4c73-9a2d-22d53bf623cc,5457,dev_7138,merch_5045,6117.51,2025-07-10 18:24:40,0
e7a14132-9511-479d-a029-8f66d692c9d1,2524,dev_3328,merch_8229,2438.84,2025-07-10 02:26:25,0
19523fab-08a0-4936-9f4c-1763cb1fbcd5,2690,dev_1814,merch_1384,3026.62,2025-07-09 21:58:38,0
66bf3661-217e-4556-83e6-9b7172041ef7,9541,dev_8545,merch_9759,152.85,2025-07-10 12:10:36,1
5e934a7e-c659-4720-bc0a-1915fc1dc82c,3611,dev_2531,merch_8110,12475.02,2025-07-10 12:40:06,0
d1292931-dfae-47f6-aea7-deff32fbfd99,2974,dev_1621,merch_5424,6533.29,2025-07-10 02:15:24,0
81d1dafa-9945-4389-a8c1-0c22b66de59a,8659,dev_7505,merch_7899,393.66,2025-07-10 01:26:34,0
6cf3dba9-19ad-4025-949b-bb6c04dfa67a,6632,dev_1601,merch_4249,3686.31,2025-07-10 12:25:35,0
30a52488-5d58-4a67-b967-a4170547f7f5,3860,dev_6596,merch_2108,3781.18,2025-07-10 04:00:37,0
53f6e93e-1f87-4dcb-93da-d7633bf5da97,3650,dev_6030,merch_6148,3264.16,2025-07-10 11:39:03,0
38112566-6df8-496b-8eb5-47aee8ca0c5b,1779,dev_7505,merch_8482,429.75,2025-07-10 05:11:50,0
18c7327e-42ca-4a88-badc-f389f77a5c0a,4511,dev_6216,merch_3172,4179.21,2025-07-10 08:29:15,0
b6686200-1c12-44d5-b697-adc8017a6525,5096,dev_7723,merch_9799,3699.47,2025-07-10 13:02:15,0
84d5e36f-6277-478a-b534-329809f26e66,1351,dev_2300,merch_9952,1757.07,2025-07-10 14:10:19,0
c72858b1-a230-4690-9ba8-ec5dc4782f43,5180,dev_6636,merch_3700,7833.02,2025-07-10 19:26:39,0
e4713a39-c0cb-4ae5-84a0-1cf66655bf87,2146,dev_6409,merch_1099,668.53,2025-07-10 17:57:18,0
38d68b72-6eb8-40d1-a0d7-4d4a8dc38ec0,9474,dev_7403,merch_3087,6305.56,2025-07-09 21:38:12,0
d04ca790-a107-44a9-acc5-3bbcac0dbdf6,2104,dev_5858,merch_8512,1082.8,2025-07-10 19:57:13,0
18e7f470-fe8f-452d-92ea-7fbda3225208,1894,dev_8107,merch_1105,3537.22,2025-07-10 19:34:20,0
f642beca-bec4-44de-9cb0-66613dfc3169,8234,dev_5425,merch_5663,5488.62,2025-07-10 10:29:07,0
02175b11-6738-4a91-975f-2ad32b26963f,4214,dev_2899,merch_1239,3690.52,2025-07-09 23:51:15,0
a57f002b-5897-4e97-b1e8-579692cb602c,8226,dev_5552,merch_9549,6817.98,2025-07-09 21:44:36,0
101f17bc-2836-4ceb-892e-355a64920343,1693,dev_8082,merch_6289,6919.65,2025-07-10 18:32:36,0
37d5c73b-6b01-4d4f-b1ed-bb1b96201abf,9644,dev_5512,merch_4989,16.07,2025-07-10 17:19:58,0
f3bda88f-63b4-4ef4-bfca-2d5d33134c6e,9011,dev_6759,merch_8642,1545.35,2025-07-10 03:05:33,0
ee8a8e32-cd99-4d44-9727-32cfbc55408c,2522,dev_9696,merch_3399,2917.53,2025-07-10 09:48:47,0
b834a78c-fcb9-4b16-98ad-3351e59b552d,2605,dev_1319,merch_1545,1116.72,2025-07-10 15:20:56,0
aa4c9118-1ae3-428e-b808-0c59740de05b,7517,dev_9065,merch_5311,1361.44,2025-07-10 01:04:49,0
0281df7e-fd72-495a-93d5-7c6bee5df7c0,8466,dev_9088,merch_8429,415.44,2025-07-09 23:47:05,0
939f6578-2b25-4d86-a4c7-a10151d23b53,3867,dev_3803,merch_9520,4505.02,2025-07-10 05:50:53,0
6e72bc1c-b819-46d9-be3a-bad376975f63,4111,dev_5244,merch_8431,1950.03,2025-07-10 02:12:36,0
107be26e-b964-456e-8ea5-8a5c5f2eb6f8,2627,dev_7282,merch_4676,108.9,2025-07-10 03:32:38,0
c9b27601-49df-4407-bdac-1a20a0ad5e88,7977,dev_1374,merch_6973,273.03,2025-07-10 09:51:46,0
21c5c39d-fbf3-4921-bb0d-f9fc8e557a26,1716,dev_8403,merch_4368,754.56,2025-07-10 10:53:42,0
899f9027-1e97-4b52-8633-0f37e6be018e,4308,dev_6307,merch_3638,3979.76,2025-07-10 08:08:35,0
6ea06d81-9b2b-4f3f-88be-3279cd7c45e7,2228,dev_3744,merch_2952,901.39,2025-07-10 07:26:49,0
bbabd018-b1f6-44fc-a9cc-bb821c45a63b,6163,dev_7799,merch_8015,2382.99,2025-07-10 00:19:41,0
51f568da-22a7-4c23-b98f-04f453068ae8,2774,dev_8233,merch_7926,7906.64,2025-07-10 04:26:15,0
4e8c18de-68ae-4d2b-93c8-fb14f6478ef2,4418,dev_3009,merch_2467,1435.56,2025-07-10 08:04:19,0
9ff8d501-c229-4f38-8977-1d7c872092b3,2213,dev_5247,merch_9594,617.57,2025-07-10 01:53:56,0
43f08b18-fb42-47bd-b2b4-bfcc119e6915,6114,dev_5839,merch_5485,2815.13,2025-07-10 11:27:39,0
cceaf743-781d-48d5-b913-6489343f30d2,6953,dev_3395,merch_1430,2225.61,2025-07-10 04:24:13,0
eaea0cdc-3e30-4063-95cc-7bddda8ffa0b,5115,dev_3631,merch_6827,399.36,2025-07-10 05:33:48,0
8a948b91-88d7-4491-87e1-c16473e5f971,5572,dev_2358,merch_5869,2446.27,2025-07-10 10:41:00,0
684c01b7-4441-40bb-92ac-ffd6ebf7ef41,7462,dev_2411,merch_5730,970.84,2025-07-10 11:39:30,0
fb0f61e3-e58b-4431-bc44-6343b990b678,9100,dev_1994,merch_6214,1140.91,2025-07-10 04:51:08,0
10f86c56-bda4-4e16-81c1-4033f552da0e,2261,dev_4687,merch_9335,3714.6,2025-07-10 08:54:46,0
a9c24c92-5bd9-40a9-9ed4-40de35a63c85,6200,dev_9146,merch_6958,5183.11,2025-07-10 10:17:03,0
d8e7e26b-84c8-4473-b90c-427fb61ac3d1,3793,dev_2366,merch_3099,14677.88,2025-07-09 21:55:10,0
1072194e-19f5-4bb7-a002-918bf208f9b9,4037,dev_3740,merch_1352,729.16,2025-07-09 23:14:43,0
654fe8e6-3d22-4de4-b698-3cf3cf75f38d,1647,dev_2385,merch_6516,5657.2,2025-07-10 15:17:27,0
d23d9c6b-4403-42e7-aad5-8364de1c5d71,1742,dev_3432,merch_9636,1760.72,2025-07-09 23:59:19,0
20150a0c-d842-4375-948a-e98b6ca4ed84,7087,dev_9089,merch_8480,160.69,2025-07-10 09:22:35,0
421557d5-ee6e-4350-a664-fe7bf3912ddd,5630,dev_1545,merch_9394,1343.14,2025-07-10 00:26:32,0
96d66d9e-be7c-4a9b-9605-ec6d1783099e,4776,dev_5082,merch_9324,909.32,2025-07-09 23:50:37,0
6801d6a4-f86f-471d-a26c-06f0d5a50fe3,4560,dev_1290,merch_3634,4063.09,2025-07-10 02:31:23,0
6722faf7-b9f8-489b-81e0-41aaa99d9d8d,7759,dev_2713,merch_4980,448.99,2025-07-10 02:31:38,0
b39f6f2f-ba2b-498b-ab7a-b65143c46f5d,7885,dev_1194,merch_6945,1249.41,2025-07-10 18:09:44,0
4a05f736-2eb0-4412-a2d5-a0f37caa7383,2023,dev_7562,merch_9937,1310.21,2025-07-10 00:19:17,0
97463a0d-aef4-4fb1-9273-517d20c90fc6,8541,dev_8191,merch_8925,4827.5,2025-07-10 01:08:51,0
a93d4ae1-1cbd-4646-8586-107f9dab1555,9623,dev_9293,merch_4632,434.45,2025-07-10 06:30:15,0
a920a633-0f2b-42fd-be01-24d40cb5998c,6126,dev_2327,merch_9818,1526.83,2025-07-10 19:36:18,0
c8c82f00-b5dd-430e-9c7f-94a055192140,9739,dev_1319,merch_4546,6899.38,2025-07-09 23:57:15,0
79ad72ea-412a-40f6-b2de-9fc535f6873e,7515,dev_3182,merch_3637,532.66,2025-07-10 06:51:20,0
344e4358-eee8-415e-9c11-fea8f5fb07a2,2602,dev_7219,merch_3051,1433.16,2025-07-10 09:44:39,0
d0aa3159-7416-49b8-9f47-7f2bb0b8a4ae,5029,dev_2461,merch_2521,3682.11,2025-07-10 20:16:31,0
fd77b863-92fb-4f91-93b2-9d6f198c17e4,3751,dev_8000,merch_8478,1170.88,2025-07-10 21:07:50,0
79550f90-ba3f-42b8-afd6-1bd8d187e66c,3117,dev_5106,merch_7843,207.2,2025-07-10 01:00:12,0
4ce033c4-abae-48d3-8833-534b6dee0790,1354,dev_4473,merch_8855,2743.06,2025-07-10 01:44:10,0
420d5595-df73-48e9-8354-2a7e145c532d,4439,dev_2291,merch_7494,2676.33,2025-07-10 01:20:05,0
bdf90425-6654-4745-8d14-6d7f733cef80,7618,dev_5709,merch_7631,5453.05,2025-07-10 08:08:25,0
30f2d72f-2fba-4fcd-9337-a7acac28d7c0,5425,dev_4443,merch_9897,4231.98,2025-07-10 20:05:40,0
cd4c9b14-9b82-4650-b8a2-ad474ec92379,5473,dev_4626,merch_9291,216.68,2025-07-10 14:11:37,0
b7a0996a-0de2-4167-a7e7-ad9d0a2f2ed9,6664,dev_4405,merch_4169,889.06,2025-07-10 14:00:38,0
fa87cb5d-0b90-4697-9d1c-12adb09244e9,1127,dev_4410,merch_2548,2896.07,2025-07-10 11:14:13,0
06999eb0-947a-445f-8004-2477c413822a,4823,dev_7833,merch_5162,2469.39,2025-07-10 05:45:46,0
e8817786-9a2a-43f3-a5ed-85b8f61e22e7,8029,dev_1093,merch_5240,3264.32,2025-07-10 12:39:28,0
aef7fea7-832f-4d0e-8d20-fba949d8a892,6840,dev_6059,merch_6553,1209.43,2025-07-10 05:18:13,0
35d8e68f-7f84-44f3-9863-140a56807010,8402,dev_1627,merch_4118,198.06,2025-07-10 02:35:29,0
4cfae220-ecd0-438b-8fa3-3909e6e77e55,7419,dev_7592,merch_2593,8993.95,2025-07-10 07:38:41,0
339eb6e9-8d5e-4417-a2bd-2fff1da41e1f,9336,dev_8053,merch_2497,6232.17,2025-07-10 07:19:38,0
79ca4dfc-61b1-496d-b01c-51e3e42f1e7c,7509,dev_2149,merch_5911,2714.01,2025-07-10 11:09:28,0
3efd517c-afcc-4a65-a7fc-b49fce476dbb,9487,dev_5157,merch_7603,8222.64,2025-07-09 23:23:37,0
5f28271d-59a9-4dbd-b3e4-1ca17716104e,7203,dev_1257,merch_2020,3822.08,2025-07-10 14:05:51,0
43949040-2b4b-4cd9-9a0b-84d5acd315c8,3069,dev_6032,merch_7730,7336.63,2025-07-10 01:40:51,0
f61b8c36-8338-4699-b313-c2eef8212879,6831,dev_4937,merch_2600,2656.98,2025-07-10 03:21:38,0
075b3531-3a69-44f6-a579-d069070ca32c,8753,dev_4671,merch_1765,1731.36,2025-07-09 23:00:02,0
453b69ea-c0a2-4598-80a3-6278e86128ac,5276,dev_1405,merch_4380,1474.05,2025-07-10 17:40:49,0
0f4bfbf2-27fe-461f-a851-98e1e5433187,7022,dev_6547,merch_7468,3782.77,2025-07-10 06:26:56,0
71097cde-71b6-4ebe-820c-b0ceba0dc1a5,3810,dev_1143,merch_4797,7491.36,2025-07-10 07:36:02,0
6b02124c-6fae-4cac-a8d2-f9c20a0be002,1714,dev_6137,merch_4002,399.58,2025-07-10 03:09:36,0
a4aaba2c-249c-4295-a456-19f280daa7e3,1344,dev_4368,merch_3214,6445.73,2025-07-09 23:42:56,0
5dad855f-41d5-4187-b1c4-9dac70825ef4,9758,dev_4175,merch_1768,7885.87,2025-07-10 11:02:57,0
e6272709-43f1-493a-b3c8-f80e1de453d0,7387,dev_8303,merch_3699,93.93,2025-07-10 03:02:44,0
0ae9451b-384c-4a5b-bd6f-889d536b1fc3,5219,dev_1462,merch_8790,6062.83,2025-07-10 18:06:04,0
7f310898-2c71-457c-b6a4-090a6cffd892,1662,dev_1485,merch_2212,540.17,2025-07-09 22:52:46,0
bfa02aa7-466a-4533-ac8e-00e9af9c0fc9,8224,dev_2847,merch_2048,2469.28,2025-07-10 05:55:09,0
7f447169-caee-4b61-8292-8fe0d19656f3,2569,dev_2943,merch_1545,4104.08,2025-07-10 08:39:55,0
188c8661-e1db-4059-8a30-23c50c7f0e5b,7086,dev_7799,merch_2916,8306.87,2025-07-10 07:24:42,0
8e77dc6a-e561-41f9-9846-82245567fb72,5078,dev_5639,merch_7786,3872.9,2025-07-10 00:51:09,0
c4c4fd03-1f32-4ea3-9eef-68034b63347d,5364,dev_7379,merch_2141,3887.77,2025-07-10 17:57:44,0
78a014a3-ea56-476b-9b7d-ac5eea4e398d,7276,dev_1233,merch_8240,3017.05,2025-07-10 08:17:01,0
3925d71c-c5ca-4087-8f98-ebf3700fa608,1176,dev_1404,merch_5508,1481.03,2025-07-10 13:20:15,0
c78d3a5d-7926-4b56-a0f3-d056ca53f787,6259,dev_8363,merch_8577,658.77,2025-07-10 00:03:47,0
59034e83-e66c-45ee-81dc-85f39fc90d4e,2711,dev_9977,merch_9776,878.55,2025-07-09 22:15:01,0
fbd90e0a-e082-4282-9446-ab775f504be6,1163,dev_8499,merch_4261,5603.44,2025-07-10 04:57:22,0
55d95082-2710-4fbf-9517-8bc1667a0597,8620,dev_5505,merch_2414,1401.78,2025-07-09 23:06:58,0
004340e5-1f04-4205-9a32-33f8bcaa7a16,4309,dev_7909,merch_4257,1748.69,2025-07-10 09:45:20,0
1ae036fb-4caf-453d-80ee-a7ac2308adff,3040,dev_5521,merch_8115,8316.63,2025-07-10 09:58:54,0
710015ce-8f0e-4313-bd49-f9360a139824,4755,dev_7777,merch_1797,5019.15,2025-07-10 13:54:42,0
d8f30ce8-ebc8-4a2a-9b22-30c112f1a5eb,2518,dev_1937,merch_3827,5641.61,2025-07-10 00:50:28,0
b6e87a98-4b26-4789-897f-93ccb98538a2,4040,dev_7609,merch_3750,906.9,2025-07-10 14:14:55,0
4c5afd0d-ac16-459c-8fd8-da99244d9475,7457,dev_6346,merch_9856,4383.63,2025-07-10 17:29:10,0
3cd40efc-2e25-4852-8b82-2b0af79d1337,1173,dev_7933,merch_2926,8505.62,2025-07-10 04:31:32,0
86b6cb6f-2094-4253-bdc2-f8184b25fd62,3430,dev_9236,merch_9232,295.88,2025-07-10 01:44:17,0
e73bda14-537e-45a4-afd6-1ff5abadbf5d,9301,dev_9825,merch_6871,2161.02,2025-07-10 07:26:49,0
43b50448-8041-4c24-a5c8-28212da8002b,9943,dev_6126,merch_1719,258.23,2025-07-10 01:51:21,0
54f6bdf2-1e95-4b1e-9420-e1ed0ad4a80b,2261,dev_7204,merch_1589,2611.96,2025-07-10 10:08:16,0
cc13fecf-d5ab-4bc1-8771-b91edf905971,4226,dev_6792,merch_8701,3172.44,2025-07-10 03:48:55,0
d3f61c23-68a8-476c-967a-52a907089ba9,5987,dev_2791,merch_5460,5019.77,2025-07-10 09:15:33,0
e9adc096-fba2-4f88-a2f0-2d8dd7475e5b,3222,dev_9566,merch_1216,3794.8,2025-07-09 22:43:14,0
c084f88e-2d67-4dc5-8a07-482fa24f433d,5780,dev_2790,merch_7091,10579.75,2025-07-10 17:51:39,0
3cf9833c-b731-4350-b10d-8e784d5a0525,2776,dev_6469,merch_5626,5079.27,2025-07-10 20:35:46,0
d24c9086-d291-4107-9a56-e8a5243dfdd6,7876,dev_6222,merch_2423,11299.95,2025-07-10 05:22:03,0
15ebb897-042f-4baa-b858-4ee316007d1c,7264,dev_4222,merch_4885,3298.47,2025-07-10 20:31:39,0
c3d001ad-907f-4d0e-aae6-f15ac83555f3,9337,dev_8221,merch_9770,2899.76,2025-07-10 11:05:24,0
749f3cf5-fbd0-48d2-937e-f1964f9a5efa,4233,dev_4690,merch_2681,5505.49,2025-07-10 12:57:55,0
6abc5e5f-386c-4057-8cb6-b96cbf96dbc1,3526,dev_2593,merch_3679,282.31,2025-07-10 20:52:21,0
3a09eb3c-4346-431f-aa8f-03934bc02438,1402,dev_2252,merch_8786,1385.96,2025-07-10 18:22:40,0
873540a9-1d7a-4142-bb0c-efb569ddb988,7421,dev_2985,merch_9336,5812.01,2025-07-10 19:52:03,0
aded4ed2-d412-44e1-9fcb-7c595bb008a7,6057,dev_2991,merch_9830,1274.26,2025-07-10 16:39:13,0
3d25b7ab-3783-43ec-98da-f6b2efd65eec,6179,dev_5105,merch_6457,119.04,2025-07-10 05:12:37,0
9dea8c58-7386-4ddc-8c1c-087d07824863,9077,dev_6798,merch_7946,1779.56,2025-07-10 13:49:30,0
ad9fd7a7-6738-4f7a-86c4-61b87d91629b,4222,dev_2601,merch_1244,1357.53,2025-07-09 22:49:32,0
e2ae161f-5b80-41d4-8c77-559b9ff57acd,5895,dev_5344,merch_8862,6605.3,2025-07-10 00:36:41,0
d24ac691-cf9e-485d-a39c-87e00a45b6b5,1709,dev_6282,merch_5045,1314.21,2025-07-10 07:50:40,0
889f40af-d894-4c2c-a77f-9bdbfed9b906,9882,dev_9780,merch_3618,1982.15,2025-07-10 19:03:30,0
1af5ab4d-b6c5-4931-9a35-85292753fd9a,8020,dev_1333,merch_5161,370.19,2025-07-10 02:01:17,0
81527d64-6d22-4ea6-b442-621ebd472810,2217,dev_6788,merch_7461,295.72,2025-07-10 21:11:43,0
fc0d0f57-6216-4f3a-a6ce-73204e62f2b0,7292,dev_4527,merch_9879,1140.5,2025-07-10 12:36:49,0
6f578ba1-f9e4-439f-9377-d253afd344fc,8393,dev_8230,merch_2962,3215.86,2025-07-10 20:09:05,0
bc4d7014-84b9-4b1b-8c1b-8827e74963f7,4274,dev_3272,merch_7412,629.09,2025-07-10 15:55:12,0
ca4e8451-4094-4fd6-953e-8d0452fbce21,8325,dev_8372,merch_5886,700.61,2025-07-10 13:13:13,0
d105bf6d-070b-4f05-a0e1-352694a91159,2908,dev_4870,merch_3092,1796.36,2025-07-10 20:59:17,0
94ffff8f-e116-498f-8946-3686538e6779,4303,dev_8559,merch_4437,6159.8,2025-07-10 03:43:16,0
6584bf53-2ed0-420c-8b20-3374be705f40,6269,dev_6320,merch_1424,4215.69,2025-07-10 19:18:44,0
93900b79-a875-4d8b-9457-357b7dcd21f1,3979,dev_3736,merch_4861,880.8,2025-07-10 14:34:57,0
16b0f88c-2f49-4b96-980e-25a7a8260405,4620,dev_6998,merch_9865,592.6,2025-07-10 14:53:18,0
f661d5b9-f2b7-4289-bbb4-37499ba61970,8746,dev_9135,merch_8490,5367.74,2025-07-09 22:34:39,0
b04a847a-cfc7-4109-8c52-c18bcc6f8614,4320,dev_6395,merch_8334,22163.97,2025-07-10 11:55:53,0
3f6d579d-1664-42c3-bca8-f5a4cf44ebf4,3280,dev_9447,merch_3345,7822.1,2025-07-10 16:07:35,0
c2dee14c-0296-4988-969a-87ac4290ef27,3508,dev_9181,merch_1350,4695.34,2025-07-09 22:39:46,0
cefb9673-83c3-4110-bd29-754b7ab2158b,8937,dev_3145,merch_8148,4587.93,2025-07-10 16:24:34,0
c3bb79d0-2fc5-4ed2-bb95-50f165e65fd6,3725,dev_6002,merch_1718,75.06,2025-07-10 11:42:40,1
6c1ed451-5453-4fbf-959c-768083921858,1657,dev_6973,merch_2739,548.67,2025-07-09 22:53:20,0
0f0c5f45-a825-4d6f-8c26-2dcf1795f9fd,1157,dev_5577,merch_7671,128.21,2025-07-10 01:27:50,0
618d38da-d391-4187-b9ef-099b89f2e143,6319,dev_7198,merch_6840,4309.84,2025-07-10 11:43:52,0
372e55fe-d49f-420d-89f6-4602ccc57489,1800,dev_6219,merch_2494,7.48,2025-07-10 18:44:42,0
445cb2cc-742a-4067-b434-1da2034d7190,6101,dev_4849,merch_4529,1044.49,2025-07-10 05:02:08,0
83096dc2-62d8-463c-847c-a2e28441f0b2,4621,dev_6678,merch_3066,1772.49,2025-07-10 12:55:06,0
ded7524a-3a03-4143-9164-7fc035b7c2b1,6634,dev_6240,merch_5034,716.45,2025-07-10 05:39:27,0
6c589b3b-9a68-40b6-9044-671143626932,4118,dev_2468,merch_8770,59.5,2025-07-10 04:55:31,0
f36c1b44-6aed-48aa-8158-f47d474cf019,8061,dev_5701,merch_1637,2885.08,2025-07-10 02:57:47,0
05cb524f-2e84-4c2f-a428-efdac5994114,4971,dev_9295,merch_5097,3986.09,2025-07-10 20:16:29,0
31eba03a-0e34-40fd-bb7b-141719c1a884,9612,dev_2654,merch_9032,1090.98,2025-07-10 19:44:13,0
c2294430-ad07-4521-bbb8-bc59f4be2603,8496,dev_2625,merch_7302,3143.53,2025-07-10 01:14:45,0
e5276731-72ef-48c5-8c7e-e6f3182d2cc7,3248,dev_4703,merch_6902,2647.92,2025-07-09 22:50:11,0
23eabce8-fc9b-41a8-aab5-5fe40250d32d,1194,dev_3543,merch_5338,3714.99,2025-07-10 09:12:08,0
5c0ea5f4-dd37-4e6c-a189-19f8df9bcf02,7631,dev_4940,merch_1491,2515.92,2025-07-09 23:25:21,0
500d1e4f-1759-4fb4-a64f-35a4b8b3062b,2952,dev_3832,merch_7134,594.08,2025-07-10 18:31:39,0
f217064f-6b1c-4276-8bc8-e555c1f3d4b7,5442,dev_5276,merch_4764,2346.42,2025-07-10 10:16:02,0
b22b4844-1eb2-4545-94ce-bfa30568c3ba,2846,dev_6377,merch_1909,3114.57,2025-07-10 09:53:11,0
72d5e041-8664-44ad-9a19-43f39373dec7,7237,dev_7175,merch_6948,2209.69,2025-07-10 09:02:29,0
f292ad5a-12ef-460e-9e0e-a6b750d7b60c,1233,dev_2619,merch_8295,1959.23,2025-07-10 18:21:22,0
17b4e690-d80f-4cf9-99df-fc29e27af29a,1789,dev_8133,merch_4317,6681.05,2025-07-10 14:20:05,0
f15b7e09-1337-48ca-bc8c-e76da8568dd9,8849,dev_3979,merch_9428,822.52,2025-07-10 19:22:20,0
151cecb0-d965-452f-8f67-93b8849a55ce,8874,dev_8451,merch_1480,3598.24,2025-07-10 03:22:08,0
7d5a5357-eb0b-4f43-abb1-2083bbc56675,1111,dev_4885,merch_5145,1169.92,2025-07-10 00:27:05,0
8afc23a2-b469-4ed1-9640-4fb97f96687d,4498,dev_9869,merch_3079,1987.61,2025-07-10 02:15:14,0
f1646e9a-d7bb-493f-aa7c-00208ff91449,3461,dev_9786,merch_5760,2462.52,2025-07-10 15:25:07,0
8a022c81-ec86-4c2f-8fe4-b640042691d5,4227,dev_2500,merch_2317,3435.78,2025-07-10 02:59:28,0
26bd9c6d-ce18-4c31-8d32-a289aa878464,8236,dev_4482,merch_9553,1983.07,2025-07-10 20:04:11,0
e28e3c0d-4432-4652-96e2-05abb981456a,3009,dev_6030,merch_6684,536.99,2025-07-10 10:01:19,0
4d3571b9-edb7-410b-a29b-e69392105a2f,1257,dev_2346,merch_7170,708.65,2025-07-10 07:33:56,0
9cabb72b-7dd7-4443-9a31-8615f1e401a1,6254,dev_1105,merch_3826,11721.75,2025-07-09 22:33:32,0
f07736f2-8161-4e3b-9335-a18b70cc9371,1084,dev_5673,merch_8630,246.17,2025-07-10 14:02:53,0
870bec28-2083-40cc-8c37-e950c0a5b45d,5869,dev_9521,merch_3623,3776.92,2025-07-10 08:06:48,0
567581b1-dcb1-4655-ade7-6ac6b0a589a4,3910,dev_3765,merch_9579,1124.86,2025-07-10 07:04:26,0
02a7e009-5393-410e-bb9a-71a44a7ae0ca,4423,dev_1682,merch_2428,333.75,2025-07-10 20:28:29,0
9f79af24-0666-4b70-b3cd-14b4e81d694a,3798,dev_8249,merch_4261,1231.52,2025-07-10 06:09:50,0
73b3321d-a96e-468d-b200-222c2553a0c4,6285,dev_5817,merch_6595,369.51,2025-07-10 15:22:50,0
4dcb309c-af99-4433-960f-b0b3742fbaa6,7034,dev_9909,merch_4221,734.46,2025-07-10 02:38:16,0
5c157480-c85b-4b70-837f-d76cd8e96c02,4274,dev_1707,merch_3750,1614.08,2025-07-10 20:10:56,0
1ec85f7c-e756-4a2f-88c5-fb576769e33b,1708,dev_2244,merch_5626,1230.28,2025-07-09 21:40:38,0
e3e4897a-7e7f-4ac0-b97b-cc1ed4f72b2a,1027,dev_4346,merch_6291,3683.5,2025-07-10 07:05:37,0
7633c85f-774b-475b-ace7-da0b21945611,1209,dev_3963,merch_8159,5204.15,2025-07-10 15:25:33,0
e6544c8f-93c1-4978-982e-3b93ac6ba888,1110,dev_8728,merch_9976,1674.53,2025-07-10 20:32:12,0
f1d7b322-1d0d-47f2-85f8-f69ff08432be,9120,dev_4410,merch_5857,3443.21,2025-07-10 12:53:46,0
bf290f42-0628-4945-acc0-7ae492246fe5,5657,dev_6702,merch_4077,1422.02,2025-07-10 20:09:41,0
dd0bf3af-400c-4ee6-adfb-65e360b20899,8020,dev_7946,merch_1061,1358.09,2025-07-10 18:11:38,0
8336ba89-a567-4914-a4c7-8438f467e052,4875,dev_7482,merch_5313,489.01,2025-07-10 15:53:24,0
b5c7caac-3823-4396-ba1f-b09eff97ccce,7880,dev_2373,merch_3903,2097.44,2025-07-10 10:14:44,0
0e97f07a-5ea3-4b5b-8331-bb38f013a44e,3771,dev_7227,merch_4183,1099.51,2025-07-10 02:27:46,0
7cc8ff31-8668-4109-8f85-459644568957,4772,dev_9358,merch_7857,2276.62,2025-07-10 17:33:48,0
dcd7240e-6538-4e04-8ee2-a22c9d4871f3,5828,dev_7327,merch_3619,333.51,2025-07-10 05:12:34,0
1e4c0bfb-9860-4ad2-8e7c-08d974772181,3161,dev_3307,merch_7203,9027.24,2025-07-10 20:32:47,0
28d6c2ee-e933-4340-b8ac-6ccc752733ac,3730,dev_6920,merch_3979,5043.56,2025-07-09 21:21:36,0
96680558-2dbb-4d77-86a2-74d3c58dddd4,7242,dev_2233,merch_5360,1868.14,2025-07-10 01:00:48,0
2f0143ef-9b6a-4673-aa01-17e4439e9d1d,4076,dev_4831,merch_5084,2909.59,2025-07-10 13:50:33,0
af4d361f-e54e-4268-8771-92f6253b4b9f,4100,dev_1959,merch_1860,1262.58,2025-07-10 07:45:05,0
41067a18-b687-400a-8184-3c7cb8e345ff,7213,dev_9556,merch_4283,6584.0,2025-07-10 19:28:51,0
c81bdad0-8531-4718-bc44-7b6dfb8808af,1030,dev_2854,merch_7110,2678.69,2025-07-10 13:48:30,0
e85dae77-d0df-4153-be4e-534f1eeda996,9017,dev_3211,merch_8876,648.76,2025-07-10 18:08:16,0
eac78ac9-d790-4505-a826-30b61bc9b140,1383,dev_9244,merch_1066,2063.29,2025-07-10 08:04:20,0
e6cc3dfd-8e0a-47ff-8fd9-55ea36de8c70,3751,dev_5069,merch_4605,7566.48,2025-07-10 16:11:26,0
441cf681-88dd-4d3b-a151-27516a02358c,5217,dev_4903,merch_8762,3894.2,2025-07-10 17:43:01,0
7f545a65-0e04-4fe1-af0a-116cc8409ba8,9308,dev_8837,merch_2930,3204.42,2025-07-10 20:04:28,0
5203c88f-8ff1-4d50-9c38-fb4d6f3ba666,8026,dev_5457,merch_8556,1449.1,2025-07-10 16:04:29,0
4dd728c7-b156-410e-a58d-9767682821e4,2506,dev_4739,merch_1686,836.55,2025-07-10 06:32:51,0
d4265125-3ccb-4950-b8cf-b925efb5119c,1448,dev_7428,merch_7154,1455.21,2025-07-10 01:40:40,0
a7cb92cf-2266-46fe-af63-a12b06e8d2e7,9316,dev_9747,merch_2461,643.21,2025-07-10 09:19:55,0
62a0306e-5995-4844-b0a4-0aff34911fda,9088,dev_4708,merch_6486,3210.43,2025-07-10 08:58:14,0
97c2ef8b-dd26-482e-b489-8759cfeeccdb,2454,dev_7302,merch_1436,5275.97,2025-07-10 15:38:54,0
4cefaef5-6443-48e9-8035-11498261b44e,2731,dev_2050,merch_1815,82.77,2025-07-10 20:16:08,1
793eb21d-a6b6-4b13-aadd-27db1d549f24,1187,dev_9289,merch_2775,5176.54,2025-07-10 16:08:36,0
6e64e4dd-fa20-4089-9cf5-3243025d6fba,1472,dev_9046,merch_7382,743.77,2025-07-09 23:13:18,0
d8ca2fc8-e66d-46ba-afff-4014ce974264,2493,dev_4197,merch_8245,3398.94,2025-07-10 20:28:10,0
25b30972-9f23-401b-89c4-85211408f451,1468,dev_2713,merch_9234,119.31,2025-07-10 18:23:18,0
bd498168-f9c8-416a-83d2-1c9499ed47ab,4682,dev_4160,merch_8040,5356.74,2025-07-10 16:50:27,0
a96aa28d-4599-4b8e-aa95-791cd23f3eda,1484,dev_8570,merch_7265,3189.3,2025-07-10 20:42:21,0
4b464714-d9e2-46da-8d62-e763e2991e06,1231,dev_3067,merch_8514,339.56,2025-07-10 19:11:55,0
da3adb3e-3214-4bd3-a929-c48b1feabf1d,8461,dev_2792,merch_1841,285.81,2025-07-10 11:06:16,0
351249f6-fd3a-46c6-a8b2-3354618efadc,3929,dev_5580,merch_4790,4174.14,2025-07-10 00:54:42,0
693e2da3-97f9-455a-bba1-d7b4ea832f31,5324,dev_1687,merch_2733,3905.6,2025-07-10 20:33:59,0
835b5431-9226-4607-9042-5f7406fa65ae,8339,dev_3836,merch_4814,4631.81,2025-07-10 11:03:20,0
a73aae65-31c3-413a-ab61-9c4ee8ca3e3b,4228,dev_4414,merch_9847,541.75,2025-07-10 16:47:05,0
89538b72-bbd0-4f3b-8573-9850f763a0a5,4307,dev_1240,merch_2416,6327.47,2025-07-10 01:57:31,0
a3c9ef2c-3b9a-4fa2-9b29-3f4a1de27a3c,7490,dev_5286,merch_6219,665.22,2025-07-10 17:08:01,0
deba15c1-56ae-4e04-9f54-6e50714936e3,1099,dev_2167,merch_8917,1401.91,2025-07-10 08:38:29,0
a3559349-74c2-479d-9ad6-4e3bb8597ea2,6658,dev_4315,merch_5352,6370.61,2025-07-10 20:36:24,0
d1941c21-e79c-4d6b-9643-06d52718b113,4976,dev_3676,merch_4530,477.83,2025-07-10 11:18:40,0
1b1c0418-d8c5-4260-8adc-ba46d58c1d3c,9599,dev_3322,merch_4775,1281.99,2025-07-10 02:35:30,0
38137dfd-2a6e-4b5c-8259-9a3bf6bc35a6,2360,dev_4048,merch_8745,8555.8,2025-07-10 17:17:15,0
e417b0ce-9276-4996-b812-c97d4ac89de4,1480,dev_2250,merch_5450,1603.03,2025-07-10 06:41:43,0
915c1d29-5c09-4b8f-bccb-81936ef7e444,4573,dev_7566,merch_2307,1230.66,2025-07-09 22:58:12,0
4b9d109d-45f5-4caf-89d4-92f433691027,2785,dev_3094,merch_5475,362.81,2025-07-10 19:58:55,0
cf137878-f4dc-44fb-adc6-0e72b73e1b5b,1478,dev_6787,merch_6354,853.98,2025-07-10 05:35:39,0
01df2a69-a0a7-4136-a849-e55ec338a02f,3037,dev_9517,merch_9475,249.06,2025-07-10 19:00:14,0
6cb65b28-ce54-4c27-8312-c0d30069903a,5311,dev_3082,merch_8783,12812.17,2025-07-10 06:58:48,0
d92d8ab8-ce77-4af5-9e56-319f3b33cf16,5345,dev_8927,merch_9135,957.99,2025-07-10 03:28:53,0
b81ce74e-b3bf-407e-b910-6755f9eed47d,1692,dev_6313,merch_8575,1028.38,2025-07-09 21:37:08,0
25ab39a5-ef55-475f-89d4-44c5a40b0845,2938,dev_5412,merch_9768,4057.1,2025-07-10 09:04:34,0
5a05ae32-2a0f-472e-b8ed-ded7e5c75651,2297,dev_7389,merch_1195,162.9,2025-07-10 07:06:44,0
850fcc41-7820-4ab4-b5a0-589a73a77910,8595,dev_5790,merch_1306,4462.21,2025-07-10 08:02:03,0
03a5c7d6-e87e-4859-9730-fd1a181bdecb,4546,dev_5045,merch_2627,1946.9,2025-07-10 20:12:32,0
33f03fcd-69b0-4383-bbb6-94a533eee1dd,9972,dev_5569,merch_5184,4016.7,2025-07-10 13:50:01,0
944a40c0-712b-44af-b8e7-d3e06006c586,4326,dev_9515,merch_4927,1916.87,2025-07-10 02:19:13,0
6926e198-3f99-4675-97cc-c2c24af1aa7e,1315,dev_2644,merch_7998,2121.04,2025-07-10 08:42:50,0
b1870e6e-de76-40dd-9fc9-7d4e7545354a,2791,dev_7146,merch_2232,1578.71,2025-07-10 12:17:07,0
d90e1e4f-e4b2-4f22-aa2a-a90849583a13,4084,dev_1416,merch_7200,1026.89,2025-07-10 11:48:55,0
ac86a500-08ce-4351-8993-a1d6e528b95f,7148,dev_4393,merch_6848,284.88,2025-07-10 07:44:37,0
b1ed47c6-5b3b-4fac-8cdd-73d2cddbfc5a,8236,dev_4499,merch_5444,1183.72,2025-07-10 12:18:06,0
9a1468d7-9e32-4cb9-9b2a-dde4b319c1fd,6793,dev_8495,merch_1768,1409.26,2025-07-09 21:55:53,0
2938524e-c75b-438b-8dfc-1b8cf88c6e08,1448,dev_5566,merch_3269,996.17,2025-07-09 22:25:32,0
62c7c88c-6304-4b0d-985d-06745b69a92c,4394,dev_4801,merch_9620,7235.21,2025-07-10 11:29:19,0
da3ed752-3e69-4427-8dcf-acda54368396,3032,dev_9349,merch_6180,706.94,2025-07-10 08:40:18,0
20bbb279-a5b2-4ce3-8c1b-cde42e4828f3,4552,dev_4812,merch_8398,7214.19,2025-07-10 14:37:35,0
8b76d88c-d103-47d3-a2dc-66d36c88837a,3941,dev_2034,merch_4350,288.24,2025-07-10 20:05:50,0
f9a249c6-7362-474e-97d2-bed4da00bb8f,2846,dev_2131,merch_6954,66.95,2025-07-10 09:47:52,0
d8901584-472d-4381-823b-cbb4f6aa78e7,5288,dev_6624,merch_4043,11691.55,2025-07-10 20:17:41,0
dd2bdd10-af5c-4ad2-befd-d24f134a0705,1138,dev_4718,merch_5636,597.16,2025-07-10 07:28:06,0
1f5fcca3-5df0-41d0-9b7b-d19ce6b7d736,5386,dev_7235,merch_3182,939.53,2025-07-10 19:30:30,0
94cecf31-30d6-498b-96b0-b4087f44be15,9241,dev_1745,merch_2884,2845.86,2025-07-10 12:56:21,0
e1b5c02e-8f54-436e-98a6-3baeb3cf3eb8,9592,dev_4433,merch_4937,2311.94,2025-07-09 21:32:43,0
89e9f57e-28bc-41f3-bb5d-1f2af5eee7c6,2614,dev_3019,merch_6268,960.21,2025-07-10 19:00:18,0
b0e3a694-df5d-4526-864e-9f728504e294,7291,dev_1161,merch_6976,4762.03,2025-07-10 07:07:20,0
9ee44fbf-c302-48c4-9733-c2010ee82fac,8971,dev_5826,merch_8709,11888.69,2025-07-10 12:06:28,0
f99d57c8-c386-4a3d-95f3-926a2283b43c,2695,dev_4874,merch_6673,541.59,2025-07-10 20:16:49,0
819943fd-a2f9-47e0-b649-a7b7344b717b,7191,dev_9157,merch_6594,3941.33,2025-07-10 16:42:45,0
2e34f614-9fdc-401b-bd24-be6804cf0fd0,6384,dev_6836,merch_5060,17121.31,2025-07-10 12:17:57,0
9e615f18-051f-41aa-af82-ab288a7c6d3a,8333,dev_8795,merch_4340,1832.29,2025-07-10 14:32:39,0
e81d9639-f5b8-4c2c-a5ba-7b1a686ca0c1,8738,dev_8439,merch_4465,334.04,2025-07-10 19:56:08,0
ec8742e1-5e86-47aa-bb81-4308c86430a3,5550,dev_3335,merch_8357,344.12,2025-07-10 08:17:06,0
4deb3897-c4bc-41b9-832a-49668194bdd2,4627,dev_2661,merch_6241,482.4,2025-07-10 10:42:30,0
547bdb4c-a972-406c-b5e9-8f7c0e914b4d,5454,dev_9215,merch_1245,4128.86,2025-07-10 12:48:33,0
caab54fb-8f5d-438a-9457-573840a68f4d,3968,dev_9518,merch_2866,2658.37,2025-07-10 11:08:30,0
8f7c7cc1-0220-471f-a826-24c157760034,4037,dev_7616,merch_5401,1950.64,2025-07-10 18:28:35,0
d7d38a9a-17ef-4ad8-bd0f-d686f703f4f8,6084,dev_4632,merch_8498,984.81,2025-07-10 14:34:56,0
f7b8eb1f-140a-4ea8-92a1-09c7cd85968a,9301,dev_4152,merch_2073,577.92,2025-07-10 07:59:03,0
a730a20f-8522-41cd-bfcb-bfa3f6a69b5c,7591,dev_9105,merch_7951,48.75,2025-07-10 05:10:26,0
afcbee1b-e85f-4ed0-ab15-ab8518b641fb,6979,dev_5577,merch_8067,2239.99,2025-07-09 22:30:12,0
e41a3067-e0fe-4193-be58-a968b20575e6,5589,dev_6795,merch_9820,3660.85,2025-07-10 06:41:21,0
73a4c65a-6497-4070-b937-157065874c6c,5909,dev_7808,merch_3339,1260.83,2025-07-10 05:09:00,0
b5ccaf23-7401-4963-8f97-07d47621cad6,1602,dev_9027,merch_6054,2155.84,2025-07-09 21:57:36,0
99ab5016-cd1b-46b3-b3d9-e5a9c9b6f2e3,7058,dev_6853,merch_8319,5820.84,2025-07-10 02:33:15,0
2df7c399-c6f2-4acf-aac0-595d9839f269,7244,dev_1978,merch_1684,4020.44,2025-07-10 07:33:23,0
13af08a0-d2fd-4cda-96a0-bbffed44cfa7,2744,dev_6751,merch_1091,3023.43,2025-07-09 22:00:40,0
2f3204da-0700-4601-a784-cc560065d295,2796,dev_7476,merch_2667,431.15,2025-07-10 07:24:00,0
4559d6dd-95be-4134-8812-801c5e30595b,7580,dev_6101,merch_3151,507.61,2025-07-10 02:48:09,0
b68c7ee1-c0f5-497d-b7b7-7b761076f7d7,3433,dev_9789,merch_2643,1219.5,2025-07-10 04:54:43,0
4172ac59-e932-4e64-91ef-3d569c881341,3021,dev_1518,merch_6816,2913.84,2025-07-09 22:44:36,0
411a84fc-0375-4ec2-ba59-34b87a259fe6,7589,dev_6644,merch_7097,8764.33,2025-07-10 03:32:42,0
4a99ac81-cd0f-46c2-a15d-e6ea3e3efd6f,5052,dev_5856,merch_5426,1791.91,2025-07-10 12:29:54,0
aca9be86-b284-4b8e-8157-bcdfbaaaf3b4,3935,dev_8392,merch_2921,3113.34,2025-07-10 05:48:07,0
b94ec3f1-e606-4eb0-8767-f68471253559,2762,dev_5973,merch_5972,242.33,2025-07-10 10:28:56,0
882949f0-c12f-46dc-bf19-48508af537bf,2350,dev_8083,merch_9291,8571.79,2025-07-10 03:35:32,0
e5a88b39-fc7c-40e5-9170-c932cc7c362a,4188,dev_4096,merch_9444,1462.03,2025-07-10 13:07:08,0
27995f6e-9f5c-4ab0-8072-a2fe877c339d,4413,dev_3905,merch_9203,1748.85,2025-07-10 05:32:30,0
b45eab82-c300-44ed-83c3-f9a3e82be6a2,1519,dev_2789,merch_7849,3618.99,2025-07-10 00:12:24,0
616a1a85-db32-4af8-ad07-96677c41dd14,1721,dev_7534,merch_8980,1377.28,2025-07-10 13:07:11,0
84b67435-5d5a-49d7-ac2b-0c7ad5bbbdba,5242,dev_4315,merch_4549,351.37,2025-07-10 12:18:45,0
5e854f29-a3cb-430c-91e0-7979c2bfd5b2,1534,dev_3711,merch_4512,564.63,2025-07-10 18:01:44,0
c7e2b13b-b5c1-47a6-b8aa-e5f251b68936,9594,dev_2450,merch_6816,682.99,2025-07-10 18:11:15,0
fcde2e7a-a4bf-42fa-bdb0-014d604e856c,5712,dev_6849,merch_6295,3389.61,2025-07-10 12:00:58,0
78275f37-f02b-475a-b609-5adfc71c5cb1,6991,dev_7737,merch_6938,5002.57,2025-07-10 15:47:11,0
ff446a28-e425-4650-9e37-1930ff6d458a,8239,dev_7459,merch_2948,1307.82,2025-07-10 10:21:10,0
9776cb38-534c-4c96-89b9-fe2df28414e2,1623,dev_6344,merch_2819,5829.67,2025-07-10 10:36:20,0
c02d4d28-95e8-47f4-bc2f-c4ac2ea63747,8869,dev_5578,merch_7472,1848.49,2025-07-10 02:36:36,0
2c85755c-ac9a-42df-9d76-1e8c0e21459f,2602,dev_6981,merch_9461,1569.14,2025-07-10 01:02:11,0
35c58869-ca16-4df6-8e62-58620a737d58,2139,dev_2513,merch_5203,1714.35,2025-07-10 18:19:44,0
75f71df5-a68a-4556-91c3-251f46107411,7221,dev_8975,merch_7376,1806.61,2025-07-09 21:47:56,0
bfe12b3c-6f36-4f79-b155-666154774fde,9825,dev_5773,merch_6845,4347.96,2025-07-10 05:30:28,0
8ee42cb2-f426-465a-811e-06402deaf78c,6787,dev_2292,merch_8842,1617.13,2025-07-10 05:10:59,0
32c07d2f-3eb3-457f-9b39-075c4542c88d,7142,dev_5256,merch_6780,2046.84,2025-07-10 16:39:00,0
98e52665-2288-4996-823f-217ae011df38,8572,dev_4955,merch_3985,2633.95,2025-07-10 14:56:52,0
70cf80ac-6f13-44f9-b81b-744eed9764c2,7033,dev_4466,merch_4678,6587.45,2025-07-09 23:39:59,0
52c92154-6c98-4fc5-b7e6-e261ddb8b552,5763,dev_9298,merch_2164,845.91,2025-07-10 01:55:40,0
42206b20-1dd8-4f60-9b85-1013d14cd85c,3761,dev_4881,merch_4325,5100.58,2025-07-10 04:58:35,0
2e2a66ca-1b68-456d-8aa7-ade6bef3a71a,9349,dev_3427,merch_2831,352.93,2025-07-10 15:27:56,0
c74da269-8402-43d8-81d6-3e47c5a8fa3d,1162,dev_7272,merch_7030,4567.29,2025-07-10 02:01:35,0
414cb15b-dcbb-4d9f-b338-a8865481959a,1659,dev_6246,merch_7241,2676.18,2025-07-10 14:30:50,0
b0e0d654-5fb3-4ecf-899b-256676edc9cc,3062,dev_6545,merch_4224,2060.88,2025-07-10 09:03:21,0
eaf45bf0-140b-47e2-85e0-a12e2b360b53,8653,dev_7709,merch_5406,7433.53,2025-07-10 04:13:51,0
eb6f0ee6-6e25-4686-a774-9a8dff99210f,4784,dev_6382,merch_2616,4505.65,2025-07-10 05:31:02,0
3028e71c-7907-440b-8424-bbd480394afd,2655,dev_8094,merch_6824,2807.26,2025-07-09 22:13:29,1
bd074af5-af0e-46cf-8cbf-a9d219682f81,7992,dev_1501,merch_8860,5354.91,2025-07-09 21:17:39,0
f96c779e-dcf5-4c2a-9e84-22941c9321d9,1393,dev_6425,merch_8585,3002.85,2025-07-10 10:36:51,0
210d39ab-ab39-498a-820c-5842bae94a2c,3358,dev_3486,merch_5493,3081.13,2025-07-09 22:41:33,0
cd242d6d-ab08-4b0d-9bea-76c6cee24d0d,5174,dev_5422,merch_8975,8226.91,2025-07-10 02:47:08,0
feaac5e6-f6eb-40fb-9a31-57bdb4cb5b2e,9816,dev_9945,merch_8603,1092.47,2025-07-09 23:19:42,0
b917c879-abb3-4086-9056-03ba1b4d2228,9424,dev_2725,merch_2466,6586.35,2025-07-10 12:12:27,0
743f7de6-1e00-41dc-853d-0fdf33ff4ce1,2017,dev_2094,merch_3969,1270.85,2025-07-09 21:23:30,0
f3a79b35-fe20-4c5a-9f69-b3e06d299ebd,7475,dev_2469,merch_4983,252.92,2025-07-10 19:12:22,0
b8a800b6-9384-4e15-8aea-5088aaa916af,1205,dev_8658,merch_4159,7288.6,2025-07-10 10:30:36,0
778341eb-e94f-4a6a-b14e-a3c0e851cbde,7929,dev_3196,merch_6534,120.97,2025-07-10 08:10:30,0
9b0fa04f-3b03-4e5d-871f-3a5dc0575bae,1395,dev_1807,merch_9883,4956.26,2025-07-10 00:29:01,0
0c40e541-3120-4035-a663-68d98c81f27e,7389,dev_6207,merch_9897,10529.1,2025-07-10 14:03:26,0
594b1d36-ff75-4434-b705-a348f513b092,3285,dev_3015,merch_4708,354.42,2025-07-10 16:16:55,0
48c5c57a-6c9b-4036-a66a-e2baa66a3832,4127,dev_4622,merch_3368,390.36,2025-07-10 00:36:11,0
a74f47e1-eec4-4ce2-b80b-ded657f19fc9,9810,dev_3218,merch_5445,165.28,2025-07-10 03:29:52,0
1dd3ecf2-d980-4be4-8acd-614c2c6b16c1,3592,dev_1012,merch_9022,68.03,2025-07-10 05:43:50,0
f080ca1b-b24c-4463-9648-f3a9b4a0c96e,5105,dev_2872,merch_1506,4613.95,2025-07-10 05:54:50,0
8746b4de-5e7d-443f-a0ef-b70ec6cdb0d5,1856,dev_6509,merch_1807,6260.62,2025-07-10 20:46:14,0
5a9549f1-b8ca-40df-bc6a-86fa88e316c0,9661,dev_7945,merch_6301,2872.79,2025-07-10 09:39:37,0
2096d2fd-9d99-448b-80bc-b3d91d606c8b,5685,dev_2302,merch_1501,3051.7,2025-07-10 06:22:45,0
e359ec30-7806-4a18-a04f-f43ff3bb18fa,8845,dev_5944,merch_6307,174.94,2025-07-10 19:02:55,0
757eeda7-9fac-4db3-8d8f-40973a0e92d9,9839,dev_1385,merch_1440,4871.4,2025-07-10 08:28:58,0
bed78b8d-541f-498b-967c-20b6b740f39a,6857,dev_7854,merch_7511,3827.29,2025-07-10 16:00:18,0
5be43592-1937-4c7d-8821-dee06d2c0001,5682,dev_6687,merch_7638,4187.2,2025-07-10 17:07:25,0
bf4429de-acc9-42e1-89c3-b3486ceab01a,4188,dev_6106,merch_1025,1875.28,2025-07-10 07:31:28,0
61b5f58e-c4a0-4a70-a496-0e49a615fdfd,3838,dev_4917,merch_8215,1428.26,2025-07-10 15:32:50,0
bec7da33-8b6c-4273-aec9-4196f8d29a62,3454,dev_2102,merch_5744,1003.03,2025-07-10 14:48:27,0
8cb2cf9a-57b3-4690-ac1c-16d451fc3843,8921,dev_4593,merch_8350,1053.22,2025-07-10 07:53:47,0
52334ec4-e9f3-4634-87d5-0101cec0a497,9296,dev_5122,merch_8593,3658.69,2025-07-10 03:51:47,0
230c1e24-028f-41c0-ba50-7157eab513e0,9599,dev_6607,merch_9636,7434.12,2025-07-09 23:13:46,0
3d4ec9c3-4195-40c8-98e6-1091ef57be34,1157,dev_3482,merch_9439,3522.86,2025-07-09 21:28:13,0
79d6ce1e-f5d7-4da6-aabc-3045ce9dfc0d,6009,dev_3931,merch_9862,165.31,2025-07-09 23:21:17,0
693e6614-b1c2-45a8-8307-02df9e1d082e,8640,dev_2668,merch_8271,2269.88,2025-07-10 14:58:49,0
d0aea7dc-5700-44e9-8650-78cb63cadb9d,3564,dev_4539,merch_1657,3043.24,2025-07-10 06:57:01,0
8d47a0f5-447b-474a-91cd-0388ebf6475a,3011,dev_1830,merch_1177,193.22,2025-07-10 01:27:52,0
fcb26976-d0c9-4ccf-af0e-9e58a22c8752,6625,dev_4778,merch_2412,699.4,2025-07-10 17:28:12,0
4f6f5a03-8103-42d8-91dc-03fa822e9219,4371,dev_6049,merch_9404,2078.99,2025-07-10 06:01:53,0
9747a889-b56c-4420-a870-93042d9ac12d,8967,dev_2380,merch_9236,8397.93,2025-07-10 09:19:26,0
8a20f924-a99f-4815-8a08-1af0b959fa58,2233,dev_2933,merch_5438,2583.67,2025-07-10 01:32:55,0
f5750beb-b4e2-4a83-9b75-f4a259747d14,1768,dev_6610,merch_4049,1215.52,2025-07-10 21:04:26,0
44baf573-14a3-40b8-aca1-7d92201666c8,2149,dev_8931,merch_2288,4240.98,2025-07-10 04:39:44,0
7dd3bb0b-15bf-4b36-9667-fedb2feba0ab,7337,dev_2024,merch_8907,7854.9,2025-07-10 02:30:49,0
a0cf2628-99f1-4edb-a4c7-b3ce8adb6593,8155,dev_8106,merch_6340,1030.39,2025-07-10 07:48:25,0
8a36ff25-bdf3-48e1-a105-16e71c6ce166,1595,dev_2767,merch_1665,2109.28,2025-07-10 10:10:24,0
4c777084-20f0-4d18-a584-a1501cba4899,8455,dev_2208,merch_2954,1260.8,2025-07-10 02:50:48,0
2ada827c-0d0f-4d83-af88-ccea6e4b5a56,6267,dev_2395,merch_8145,247.45,2025-07-10 11:04:09,0
7c352ec4-8d91-42f4-88c7-5f9588609c32,1361,dev_3957,merch_1543,563.75,2025-07-10 05:43:44,0
111e5452-f89c-44cc-aadb-41c9b6188b54,4862,dev_5447,merch_7998,30.01,2025-07-10 09:48:51,0
056900e0-0d66-426c-be62-a16b8004c82b,4761,dev_4851,merch_3757,1134.17,2025-07-10 11:07:32,0
63de51bb-a6fa-45de-bdc5-2414d13616d2,8349,dev_5714,merch_7588,7937.82,2025-07-10 05:34:16,0
290034f1-1b73-4376-bd3d-148b65c3937f,2035,dev_1029,merch_1795,17656.92,2025-07-10 00:32:58,0
c9bf2853-7761-4528-8cb3-94ef83ff2450,1815,dev_1389,merch_1665,1700.87,2025-07-09 22:15:42,0
e51ff9ee-cc58-44a3-bea3-e9fc6b33e5f5,7669,dev_4038,merch_3095,5110.71,2025-07-10 11:33:14,0
efcd5289-2a2b-40d7-90f7-eea796661f21,4396,dev_8141,merch_8115,1659.07,2025-07-10 19:19:03,0
4f167c56-6e10-49cb-8a7b-3d46583f07b2,2131,dev_7118,merch_3663,5862.48,2025-07-10 16:07:19,0
312f0db0-9c90-45ac-9d43-ec8c6cf04a96,1535,dev_3396,merch_8489,110.1,2025-07-10 15:36:16,0
f1e7ee93-e60b-445e-bb69-cbdbfb4eb1d8,7195,dev_2767,merch_3168,7448.58,2025-07-10 13:37:55,0
78820610-72f0-4aff-82e1-32efe7005518,7906,dev_1063,merch_5318,15641.47,2025-07-10 15:50:58,1
258beafc-24cf-4822-8c20-81f0d7da52d3,1967,dev_3508,merch_1115,291.53,2025-07-09 23:45:36,0
df81bfb3-892e-4007-9bcb-ded00692dde8,2344,dev_4151,merch_2200,648.49,2025-07-10 09:50:34,0
8d5a4324-48a8-4996-87de-16b5b3ec4d14,8458,dev_4241,merch_8253,3632.32,2025-07-09 23:40:01,0
cd05ec07-18fb-4879-b509-70e1ff67638f,1510,dev_7807,merch_1413,3883.99,2025-07-10 07:52:25,0
1e0d8ca5-0cac-4b3c-912a-597ca0074c1b,6006,dev_9337,merch_5805,158.56,2025-07-09 22:47:12,0
1304ecbc-cfb6-47ad-af04-7fd4bd5f829b,1973,dev_3806,merch_9379,1572.39,2025-07-10 15:14:53,0
353a5649-141c-41e7-93ba-4da7978e2db8,5670,dev_9697,merch_1281,3831.25,2025-07-10 16:17:50,0
e4ffaa78-6aa2-4795-a566-73a9dd3597ea,7708,dev_9748,merch_7287,2621.6,2025-07-10 21:01:26,0
f932e1ab-6605-4e70-80cc-9f35c251b987,6267,dev_1628,merch_8490,483.57,2025-07-10 07:04:58,0
37a18ba4-9a4c-453a-8144-1af0b8f92fe4,9082,dev_4744,merch_1541,220.88,2025-07-10 02:11:09,0
13512022-9be1-4e50-9155-7b45f7326291,9963,dev_8267,merch_7424,394.61,2025-07-10 00:21:37,0
db72ccec-4ff1-4e19-84c1-190ebf9599c6,1450,dev_6427,merch_7789,713.12,2025-07-09 22:18:44,0
728a4c68-d115-46b4-be01-b3031521c81a,8118,dev_3134,merch_5265,11627.89,2025-07-10 07:59:26,0
0831de91-ffc7-446c-a4c9-299bfc89dc6f,1652,dev_6792,merch_3959,440.66,2025-07-10 13:45:09,0
04c1c5e2-9223-46c5-88c7-913c36d0135d,4697,dev_8474,merch_8866,554.43,2025-07-10 20:33:37,0
bcd305c9-e2ae-44ea-9644-2510aac3e95b,8133,dev_8533,merch_1727,7742.64,2025-07-10 14:30:48,0
60c2b437-9414-4f33-8a13-9d579c58b846,3249,dev_3626,merch_4335,6367.73,2025-07-10 19:42:42,0
f050120b-2eca-4b39-bc99-a77ac4037f18,6123,dev_5808,merch_2702,6572.84,2025-07-10 02:18:42,0
5be46ccb-23a2-4d86-b784-0bf5104e5f45,8140,dev_6825,merch_1162,4473.52,2025-07-09 23:02:44,0
59879bd5-b74c-4668-b3f8-fbc52d3c7c9a,1925,dev_6009,merch_7726,967.08,2025-07-10 10:39:44,0
dc6d4a0b-8d5e-4884-a166-4396c565a48d,5867,dev_2876,merch_9924,3933.53,2025-07-10 00:52:24,0
be0fafb6-4e39-4c3b-b146-aa76ed70f798,4195,dev_3164,merch_2038,4131.87,2025-07-09 21:37:50,0
d92684c5-1993-48c5-b2ec-f4515fb1d4c3,6270,dev_6813,merch_7385,1166.4,2025-07-10 15:09:23,0
63598cf1-e190-4a00-b46d-dcdf06f412b1,3166,dev_4273,merch_5585,696.56,2025-07-10 10:52:32,0
bd693e8f-81d6-4e75-8200-ca417c4a37cc,2894,dev_9797,merch_1692,1263.54,2025-07-10 04:34:47,0
7b30205c-6d69-4b34-bcbf-ac087a7e5f8e,1805,dev_6412,merch_5968,2529.45,2025-07-10 16:52:11,0
a6ef77e8-f71f-45ee-afcb-4cb5b7e1a10b,7854,dev_4827,merch_6796,7739.11,2025-07-10 16:04:46,0
ee2b0e5b-5711-4bf0-95da-706e3b513599,1823,dev_4825,merch_9948,1086.3,2025-07-10 04:44:37,0
a2b9f01c-f03e-4000-918e-d9d626ae74c4,3078,dev_2543,merch_5348,9147.0,2025-07-10 12:27:12,0
3e9c3ccf-2e7a-4c2b-bd8b-9e0bbcff512e,3757,dev_7922,merch_2409,3456.38,2025-07-10 17:22:22,1
8102ecff-fd1e-45b1-87cc-70d2c672a042,2852,dev_9910,merch_9034,668.48,2025-07-10 20:35:21,0
a8ed1a97-129c-452b-a792-a738849de281,4797,dev_6675,merch_5740,7358.73,2025-07-10 01:44:42,0
b49f9ac5-d03a-4739-980f-a365e427b025,8942,dev_1685,merch_2669,1198.86,2025-07-10 11:34:25,0
0c583b34-011c-4ad1-abd9-038fa0c6c0f5,7671,dev_2561,merch_8980,1484.84,2025-07-10 14:27:57,0
02f573de-f416-4250-a9e5-e5d6e31d3932,4639,dev_1172,merch_9577,2230.51,2025-07-10 11:57:24,0
ab754dbb-1e26-4cf0-b8a0-d8472a720179,2981,dev_3855,merch_2399,4744.13,2025-07-10 15:25:28,0
4a634ecd-642d-4903-84e4-9a2e4b4210c2,2949,dev_1000,merch_8354,324.36,2025-07-10 03:34:36,0
8e7024a7-04de-426a-93a6-4f54a29790d6,3019,dev_1950,merch_2861,411.6,2025-07-10 09:23:28,0
8a44910f-ae09-442e-863f-c260cb2cb7e3,8773,dev_7932,merch_4189,457.47,2025-07-10 11:51:30,0
83c068ed-fbb2-4436-af39-9ca83b27c4dc,7999,dev_9740,merch_4840,4412.8,2025-07-10 17:15:07,0
144faa6c-e55d-404b-931e-62c15fd4b4f8,7194,dev_1731,merch_1154,5234.41,2025-07-10 00:13:44,0
a6502ed5-d15c-493b-908c-412464865f7b,5369,dev_4824,merch_6959,26749.17,2025-07-10 13:56:36,1
147162bc-7c36-43f5-9f97-71090846eeb4,3618,dev_5344,merch_3688,902.67,2025-07-10 06:03:20,0
96342a9e-16fe-4650-a4b5-2d0a50194fff,3963,dev_3523,merch_1889,2626.64,2025-07-10 05:50:22,0
51eba26f-754b-4c5a-82c9-41e1ca3ebc8f,5685,dev_1707,merch_8720,6670.66,2025-07-10 13:38:01,0
63fdeceb-68cc-4e9e-961b-986895e60d3d,4864,dev_7276,merch_9361,160.55,2025-07-10 05:29:11,0
7168d1d2-d8c2-4eef-a2a6-1bf68bfb9f59,2251,dev_6637,merch_1773,1609.86,2025-07-10 04:29:13,0
06a5720d-c5dd-45ec-9fd5-c1601fa28922,1243,dev_5785,merch_7923,2742.65,2025-07-10 12:11:56,0
1487ed09-629d-4ea3-90fd-3f924a2a9f5e,1419,dev_6400,merch_8025,4997.4,2025-07-10 16:52:38,0
edcb1fb1-bcec-4155-98d8-b71948f42035,6906,dev_2898,merch_2473,212.6,2025-07-10 02:45:26,0
211d4e49-e415-404b-af71-c9ddb87472ef,4506,dev_7765,merch_7219,916.47,2025-07-10 19:37:57,0
06cf439e-1565-49c8-b376-b6bbbd57171d,2166,dev_1552,merch_8541,11231.15,2025-07-10 12:25:37,0
3583add4-5b90-425c-91b1-47397de0b975,3484,dev_1082,merch_1598,2866.86,2025-07-10 16:31:51,0
928617cd-825d-4762-8406-36f65cf27cb1,3646,dev_3848,merch_9419,2423.47,2025-07-10 18:29:50,0
090862bf-b4cd-4ab4-ad29-738b32cc6fc4,3718,dev_1133,merch_6181,3476.32,2025-07-10 04:38:54,0
ff7f2ec8-2d4a-42a7-bb07-8a74032f8778,2171,dev_4589,merch_5654,1024.66,2025-07-10 11:52:47,0
9e03bba0-0a70-41bb-b6b7-35e0fadaed8a,7998,dev_1865,merch_6155,360.41,2025-07-10 13:26:14,0
5e871078-5136-429e-9b57-2704efdfe09e,3942,dev_5735,merch_6051,31.63,2025-07-09 23:25:54,0
a1cfecf5-0693-4b8a-972f-e8a2b0ab38f9,4036,dev_3868,merch_3796,2584.89,2025-07-09 21:17:55,0
677e1d82-88d2-423e-aeda-0ff7b1b8be77,1488,dev_8114,merch_4110,175.6,2025-07-10 02:57:58,0
19386bad-132f-4fcf-a170-75bcfc16b2c4,7136,dev_8458,merch_5964,1080.7,2025-07-10 15:23:29,0
00faf165-fb48-40ed-b7fc-b28ec4d4cef8,8931,dev_3728,merch_9723,1511.04,2025-07-09 23:51:44,0
333537c2-b8ed-4531-bfbb-8ba5240e3228,9860,dev_9354,merch_7995,869.98,2025-07-10 00:55:46,0
e0e89e2e-524d-4f43-9b78-8393ef746fe0,6169,dev_7298,merch_9571,1767.67,2025-07-10 15:19:57,0
520a274b-311d-4be7-8752-1ac86ba0a739,3315,dev_1120,merch_9762,1560.07,2025-07-10 16:47:08,0
cd1093c1-7958-4af0-8e66-db782d8e32f6,4571,dev_9347,merch_4485,1035.34,2025-07-10 11:08:00,0
3a592a62-b599-498b-8e7c-01d42a8c10dd,4933,dev_5349,merch_9143,2046.31,2025-07-10 17:16:09,0
edf45301-cd85-4bb6-82a2-a1c40619e4c7,7598,dev_7069,merch_2724,1701.56,2025-07-10 00:19:21,0
5685c831-2df8-49aa-9397-2b88aa98e998,5491,dev_8158,merch_2289,1244.78,2025-07-10 07:51:56,0
ae2011bd-8408-4925-b2a8-28de4d1c79d0,3824,dev_6893,merch_6812,320.72,2025-07-10 17:14:01,0
fa18aad7-bf2c-416d-b2d6-01d8cf0c28e0,8934,dev_3503,merch_3376,7245.94,2025-07-09 23:25:05,0
dde555b4-2970-4404-b0a1-463b1b58145f,5322,dev_1607,merch_2501,5343.84,2025-07-10 15:43:57,0
e8bf043f-ef6f-46c4-8711-9a9cc41eb98c,9530,dev_5201,merch_1819,3997.46,2025-07-10 01:20:48,0
40d5a36f-df1e-4c09-93f2-d85fb6d46984,8991,dev_9930,merch_8410,630.33,2025-07-10 20:59:31,0
fda4abf2-ad49-4f9a-8c6e-7f8307a27f06,4242,dev_8173,merch_1384,373.71,2025-07-10 02:35:37,0
6591203d-c8c0-4132-bf75-21fce7722b88,1986,dev_9201,merch_4555,949.44,2025-07-10 04:05:32,0
93ce487c-70f8-4fb2-b697-288f1363cf6f,7005,dev_1121,merch_1127,337.71,2025-07-10 01:54:51,0
30fc525e-0805-4d14-b415-2555d8279b40,1720,dev_5661,merch_5651,1761.25,2025-07-10 11:16:41,0
d41640ac-0506-41f9-8b73-fe3315c44e1b,3675,dev_1279,merch_4635,620.11,2025-07-10 19:36:41,0
68154a76-b81e-4ffb-817e-8d5df31c37e6,5392,dev_8507,merch_5827,3282.85,2025-07-10 07:21:39,1
8d315ebf-3eda-4766-8507-edec3c30313f,2816,dev_8990,merch_4193,11390.5,2025-07-10 01:38:32,0
64ab17da-a172-4aca-bfab-038627aaeb10,9049,dev_1847,merch_8568,2172.72,2025-07-10 10:46:35,0
f6afcf38-d96b-463b-9ec7-505b9db4d997,9490,dev_5802,merch_4941,6571.91,2025-07-10 08:21:17,1
10df98fa-dbef-4944-999e-b2d06f595058,5774,dev_3229,merch_7587,3148.1,2025-07-10 06:17:50,0
ddcc0956-ed75-45ea-96a9-fb995af2c76b,6809,dev_8935,merch_2592,1778.49,2025-07-10 00:59:34,0
800afa86-16a5-445d-9da0-6f11a1a7375e,3241,dev_3905,merch_9998,637.89,2025-07-10 05:00:16,0
2c92117a-6311-47f8-a359-31b51092a11d,8716,dev_6182,merch_1898,66.03,2025-07-10 14:04:37,0
bf1a04ee-988c-42ac-8e14-5ebda0fe3fa6,1034,dev_6223,merch_8572,1709.3,2025-07-10 09:25:10,0
3d87ef79-29c5-409f-9208-e8cdbf245577,6496,dev_8545,merch_4617,5552.61,2025-07-10 10:15:04,0
f911e245-8dc3-4d60-9a14-db330d57a60d,4859,dev_8124,merch_3964,429.06,2025-07-10 10:07:04,0
ad3505ee-aa33-4c37-a7a1-8f2f0c667462,8850,dev_1299,merch_5179,6137.33,2025-07-10 11:11:29,0
586db5cb-16d3-4aa5-a496-3e4d92fe494c,7749,dev_7646,merch_9817,521.06,2025-07-10 04:20:58,0
068e74a1-0906-4a32-8736-320c415086b9,6413,dev_9830,merch_6870,691.46,2025-07-10 10:47:43,0
d4d67169-fc86-46ef-9614-c4e74d4717cd,7382,dev_6967,merch_1841,5438.67,2025-07-10 19:35:40,0
89fd0c3f-9436-44c1-b9e2-bfc015ddddb9,8432,dev_6292,merch_3708,724.88,2025-07-10 05:32:34,0
ec4f61ca-30cd-49ab-9849-a19341d55670,3839,dev_6436,merch_5120,1138.98,2025-07-10 14:38:52,0
4e1a7098-2814-4545-a739-8a1f2ca23b35,5853,dev_7619,merch_8035,7487.94,2025-07-10 13:20:20,0
fd67b0a2-e60d-4f5e-98e7-97615361d828,8752,dev_5296,merch_3936,1714.18,2025-07-10 15:05:22,0
29ed2306-09e5-411b-852a-c5fab15cee41,1591,dev_5784,merch_5570,701.8,2025-07-10 18:18:06,0
aaf8622e-b9e4-4a37-b4ec-782215b867a1,5603,dev_5876,merch_8638,10172.96,2025-07-10 05:02:18,0
c6a81dba-596d-496d-accd-7ebd71f48f01,1956,dev_1123,merch_6201,740.78,2025-07-10 14:44:27,0
2a848882-b854-422c-920a-055b9fac2414,5436,dev_7926,merch_6302,792.52,2025-07-10 11:44:19,0
aadee9bd-b945-4737-9a4f-34649149eb2b,6758,dev_1805,merch_3610,4123.42,2025-07-10 11:36:51,0
c59365a9-ad3f-4392-a97f-90ce6c2a484e,4184,dev_6069,merch_2804,2111.83,2025-07-10 14:22:58,0
a723f8fb-b353-45da-a14d-77c0dfec0872,5501,dev_1928,merch_6249,5601.02,2025-07-10 10:51:54,0
2dcd364d-a53f-4d54-a956-99289f8311c4,2714,dev_6664,merch_3377,314.48,2025-07-10 14:40:46,0
8f9b6625-56a8-4cee-b0b2-288ba51620c4,8795,dev_2281,merch_5324,1347.37,2025-07-10 01:03:24,0
28e310de-0554-42c3-a7b1-728b083c6bce,9102,dev_5709,merch_7477,3861.48,2025-07-10 10:02:40,0
5cd4a53c-8fef-42eb-82f1-df4d95768461,1785,dev_3532,merch_9353,4418.43,2025-07-10 06:48:56,0
76317c56-d204-4a96-8e8e-b7451d7e0ef3,6003,dev_7875,merch_2918,8126.64,2025-07-10 01:43:34,0
ea2d718f-3897-4064-a7ad-cc632d05e070,1812,dev_3539,merch_4345,600.2,2025-07-10 04:10:16,0
fdcb2602-9b9e-4c43-bffb-9b6e57e1e62a,3398,dev_6166,merch_1490,234.68,2025-07-10 01:40:35,0
8b1e7577-c74b-4617-bb84-657103f255ae,4706,dev_8377,merch_2180,3519.67,2025-07-10 05:47:15,0
cc2859a4-e955-492a-87d0-03393ae22168,9053,dev_9419,merch_9200,2067.65,2025-07-10 12:54:15,0
ade8a4e3-eeb6-4029-91eb-3a5fa4083cc2,6493,dev_6039,merch_3937,5361.9,2025-07-10 17:00:48,0
a97aac1b-7373-4c1b-902e-7737963cf1b7,6969,dev_6874,merch_4545,3225.82,2025-07-10 13:14:38,0
6382c689-acb8-44a4-b882-a90a35585c23,3417,dev_8264,merch_4997,826.07,2025-07-10 18:36:00,0
dfeb0624-ef3a-4e69-bef6-d9270ca7494c,7311,dev_9485,merch_1743,266.37,2025-07-10 13:21:47,0
a6be92bc-3ec3-4339-b83e-8cb8eb9db16e,5226,dev_4199,merch_2676,1625.87,2025-07-10 06:51:16,0
198a906e-f5fe-4bfa-a5f5-8c745e273a1e,5237,dev_9431,merch_6895,6099.67,2025-07-10 03:08:57,0
c45757a4-5e77-4319-bb99-8b386ce16635,3056,dev_1144,merch_5649,4418.43,2025-07-10 06:26:18,0
1f96724d-0c04-4fd0-89a8-3b17a3d2031f,8499,dev_7663,merch_4983,7729.05,2025-07-09 21:44:32,0
49215927-30e3-444e-974a-92f1d81675b2,9154,dev_4718,merch_8733,5847.03,2025-07-10 15:50:43,0
e4fa1ed8-4e54-47b9-a42b-c4b4397c1029,3357,dev_4553,merch_7599,2683.39,2025-07-09 21:51:11,0
937801cd-a7cc-47ea-9f97-93583143c8bd,5958,dev_2944,merch_2776,1996.36,2025-07-10 04:16:59,0
ca0a5013-17a3-43e1-8d0d-566421736ae8,9087,dev_2276,merch_4251,154.43,2025-07-10 00:43:44,0
1f3529d7-e58d-48c3-8fec-ee9dd0e0fb59,7574,dev_7468,merch_2775,5700.98,2025-07-10 01:13:03,0
f5638049-e6bd-413f-8749-7fc7f5dcdfb5,2609,dev_6844,merch_6729,5183.15,2025-07-10 07:44:59,0
0afee66a-3286-4ee9-b3da-44d5ae8e025d,5555,dev_8089,merch_9679,740.37,2025-07-10 04:44:53,0
8868bbd3-faf5-4d0f-a64b-1aa646e4145d,3485,dev_6315,merch_2898,12125.18,2025-07-10 12:30:46,0
5522c8f3-b7c1-4b93-b95e-1204d7a87cd8,7442,dev_9493,merch_7207,943.71,2025-07-10 02:20:03,0
91ee9143-a397-420c-8137-f376d0c75417,4298,dev_8421,merch_5074,973.96,2025-07-10 18:43:30,0
baec2329-8304-47ab-88fa-cdfb95bad069,5058,dev_6416,merch_4094,13206.5,2025-07-10 19:37:55,0
2a3e569b-f094-4343-840d-09006376ec7b,8958,dev_3937,merch_2319,1401.48,2025-07-10 09:42:31,0
c16036fa-71b1-4b99-b967-3e48dab7abea,8173,dev_2725,merch_9764,1125.22,2025-07-10 10:22:44,0
56b7c960-ca23-4f6c-b125-02747c39c65f,3369,dev_2771,merch_7143,990.07,2025-07-09 23:38:29,0
4869af81-cd9d-43b9-9b08-cca1a2b08fc9,1201,dev_4820,merch_2101,178.14,2025-07-10 08:10:08,0
5f4212f8-2ea9-452b-8558-b42c44096123,5939,dev_1460,merch_7993,1072.62,2025-07-10 17:02:59,0
9e2f8823-f71b-4b97-b05f-b806f1413698,6406,dev_8191,merch_1447,1049.32,2025-07-10 06:21:35,0
97a65f0e-7053-4c92-8184-a3009359b590,8278,dev_8671,merch_5465,1360.63,2025-07-10 11:55:19,0
1475c32e-d883-4c28-897c-11b58b7093d8,3170,dev_4983,merch_6047,112.33,2025-07-10 02:10:49,0
f44a9585-833d-4de4-82c3-098157c41213,7064,dev_2872,merch_1617,1185.73,2025-07-10 05:29:49,0
4db3805f-ffca-4fce-94b6-81ac818cc922,8342,dev_2614,merch_9369,10528.43,2025-07-10 17:58:55,0
5d71a295-64fd-428c-8f7a-f15ef2154556,1688,dev_8874,merch_2729,2076.75,2025-07-10 07:39:37,1
0f73084b-5753-4c0c-a368-521ad62874a2,6778,dev_2494,merch_6507,6172.9,2025-07-10 07:15:44,0
475ff182-799b-4353-9629-1d4b419f79ca,2233,dev_9930,merch_7444,796.25,2025-07-10 17:41:55,0
53df4e08-1acb-4fa3-893b-81c3d8458bb1,3843,dev_9173,merch_9012,2963.05,2025-07-10 01:15:01,0
425f2c30-b639-40f0-a40a-2c0b0836d1c3,1701,dev_3964,merch_3205,1232.46,2025-07-10 14:25:28,0
ad030a18-50cb-497f-bfa9-b6d31817d345,3934,dev_3676,merch_2726,916.64,2025-07-10 12:16:12,0
acbe59e1-1fd5-451a-8997-8462d70488ef,7859,dev_8980,merch_1969,814.28,2025-07-10 04:02:43,0
96b82682-5a04-4e54-b20e-fcf1e634b14b,7453,dev_4780,merch_9095,306.91,2025-07-10 03:08:57,0
2ede1986-11bf-4dd2-beea-98d72c6ef5db,8141,dev_7924,merch_7364,8110.94,2025-07-10 13:18:52,0
23638e69-7082-45e9-97ac-f6d9375c77cf,2167,dev_3213,merch_8151,1651.77,2025-07-10 11:14:41,0
abac90cd-9081-4380-99f8-d53699198f72,4482,dev_3686,merch_8909,2401.49,2025-07-10 17:51:27,0
3491507e-4e34-48f1-8571-5ebd6f7b6773,8592,dev_7548,merch_9004,3953.04,2025-07-10 15:10:16,0
5caa52d0-101d-4fa1-b1ee-8dfff964bdcc,6780,dev_5131,merch_6796,10397.94,2025-07-10 00:50:54,0
d6949fc6-493e-478a-95c9-6c2a4cfd9106,7885,dev_5703,merch_3594,5509.19,2025-07-10 06:16:00,0
e21e7cc0-413d-433f-8243-efe871e55783,1806,dev_9438,merch_6339,4290.42,2025-07-10 18:49:21,0
156ab95c-f283-4d8b-9bfa-d5819620ebd8,6186,dev_3506,merch_6770,134.02,2025-07-10 20:19:34,0
ac0627ae-c552-46be-9744-8ad372c65ebf,8463,dev_8040,merch_7168,13736.59,2025-07-10 16:58:30,0
91e419a9-5570-42e7-87e3-85127b2d34c3,8405,dev_1561,merch_6124,2649.53,2025-07-10 13:39:09,0
27821cce-aa3d-41ff-b0aa-8a1337d7b7c0,2174,dev_2474,merch_6811,1263.66,2025-07-10 13:14:42,0
d58f27ac-f01d-4cc5-a6b8-c645bcf8798b,1191,dev_8184,merch_1591,1679.9,2025-07-10 10:20:51,1
6156bc30-5940-45c1-a7c4-1f2f50834a7c,6784,dev_1147,merch_4490,275.23,2025-07-10 17:17:29,0
7edd3bd8-8bd3-4f80-95de-16e272f06dec,1944,dev_9347,merch_9409,881.41,2025-07-10 02:55:04,0
42c080af-2ec8-434b-842b-9d0c71ec02e1,2494,dev_4228,merch_2976,2438.85,2025-07-10 04:01:08,0
bf9029fc-cf57-4636-88bf-8f37379d37d3,4888,dev_1670,merch_8165,722.25,2025-07-10 07:54:04,0
de0a14e3-4d86-418f-addf-07d2e16d3cd0,9273,dev_6811,merch_2960,7119.95,2025-07-10 15:17:56,0
86aa1f73-3256-4d8a-a797-3f49a7037b86,8003,dev_2840,merch_7863,153.01,2025-07-10 06:58:47,0
48904d9f-b3bd-409a-b72a-8ae1eadd59c7,2310,dev_3184,merch_5297,866.15,2025-07-10 19:31:03,0
5a8cc991-4a88-4b1c-b026-2b6bd97d5ba2,2306,dev_9834,merch_4814,2845.61,2025-07-10 10:29:21,0
71f3c2fd-a9ea-41a8-bfc6-02d5fd583fed,1209,dev_2880,merch_2043,5109.58,2025-07-10 02:21:36,0
07709cfc-7be7-487e-8255-4e59c756a3df,7932,dev_6279,merch_6166,537.9,2025-07-10 01:13:53,0
aeb8ea8c-cf5f-45e1-8cce-0ab325c51d09,1063,dev_2869,merch_4270,4875.94,2025-07-09 23:49:21,0
367c38b7-b29b-421b-bfcf-240606bb6152,9351,dev_5278,merch_5768,10785.33,2025-07-10 12:32:07,0
7ff2290d-7dd9-49d6-8c34-583549b755f4,7575,dev_3707,merch_2808,2085.0,2025-07-10 08:02:49,0
efcf4d87-e58e-461f-9b85-99a4f3998a7a,9500,dev_2283,merch_9208,2553.06,2025-07-10 07:45:34,0
572ca19e-8de8-414d-b54e-b1c9704bcdc1,2675,dev_8141,merch_5317,3896.73,2025-07-10 10:28:50,0
c6cc80a7-2847-4f88-ad6b-5f9c31909207,5195,dev_9674,merch_9951,201.78,2025-07-10 07:36:07,0
bc541ccf-4b47-46a7-afa2-408ba78b66a3,2712,dev_6855,merch_7431,190.33,2025-07-10 13:31:32,0
0faaa27d-886c-48cb-9888-37fb52e45da9,3368,dev_4702,merch_9832,1613.86,2025-07-10 04:02:49,0
06d15af6-a76a-4916-97f4-d4878247d593,2599,dev_5878,merch_8924,6169.54,2025-07-10 15:57:02,0
0d8c2ddb-2985-4441-b8df-9b9793f83280,6125,dev_1625,merch_1677,5109.99,2025-07-10 00:37:49,0
17defcd0-4343-45d8-a0e0-a24d1fc39c03,8623,dev_9899,merch_5051,6180.63,2025-07-10 01:34:26,0
c0bb38b9-193d-4963-8a63-5ec90d66ba7e,3715,dev_3544,merch_3126,950.26,2025-07-10 04:10:27,0
f285611a-9e0c-480a-874a-9a06fdb5d44f,2651,dev_7039,merch_8050,1958.26,2025-07-10 06:50:17,0
54bd3b4d-3164-4d13-a446-7c1ef601ddf9,3798,dev_5157,merch_6531,900.13,2025-07-10 14:57:40,0
21bb8c3f-3b1b-4ae8-8da2-62bd0b4377c9,9000,dev_9851,merch_4820,812.41,2025-07-10 05:51:41,0
3efc46c9-7e23-4fd9-8543-c30a28aa71e0,4397,dev_6005,merch_5851,2313.64,2025-07-10 05:45:28,0
78f5f3f8-0855-4c96-aed5-3564d8dfcb17,1063,dev_1507,merch_8841,2453.16,2025-07-10 17:08:57,0
2c3b8752-c8ca-4282-9c05-abb621b3705b,7929,dev_4714,merch_3411,2122.43,2025-07-10 02:15:32,0
bf2249b3-f0cd-436c-98c2-478184fb2fc0,1621,dev_5337,merch_9546,10819.78,2025-07-10 15:28:49,0
7eade2b8-4597-449b-b737-467c16e0d8bf,7938,dev_8240,merch_7373,3571.43,2025-07-10 00:47:38,0
6986d3a9-b5f3-4c0f-ac0b-5dfb43ba8f2f,1937,dev_6769,merch_2701,1819.9,2025-07-10 17:07:44,0
e0e824c7-b3b1-4dbd-bcd0-a564e984f7fb,3141,dev_1150,merch_9738,5605.87,2025-07-10 14:19:03,0
32601464-e3ba-41ed-83f1-f7bc14477fa2,4476,dev_2470,merch_1967,5044.27,2025-07-10 05:41:58,0
4ca51f2b-1964-4be7-bcf7-954f0f9e4aaa,1223,dev_7142,merch_2229,2730.18,2025-07-10 00:05:45,0
eab783b9-23b4-4c0e-85a2-f70773699278,1550,dev_6514,merch_6922,3220.07,2025-07-10 05:27:29,0
d5eb434b-facf-4c47-8273-05544ef8b277,9158,dev_5317,merch_6861,1724.0,2025-07-10 19:17:32,0
4f4c2f5d-9ec1-4cf6-af48-0dfc81574661,3455,dev_9079,merch_8036,988.95,2025-07-09 22:13:42,0
3760344d-d6ea-4256-917f-15cf33935061,3178,dev_4543,merch_5895,2275.17,2025-07-10 15:58:43,0
6608e900-9ced-492a-87b5-7b0a4204ca91,3094,dev_4413,merch_6068,1402.91,2025-07-10 17:19:43,0
a3942d67-88d1-4985-bd96-784d08140675,3799,dev_9569,merch_1591,5589.24,2025-07-10 07:39:08,0
2601b2f2-3f52-4bcf-909c-3824004da8be,9818,dev_1807,merch_4815,212.4,2025-07-10 08:14:04,0
5f094a49-d3c5-452d-8000-2f50c56f7531,6556,dev_5864,merch_5483,195.89,2025-07-10 16:57:37,0
7b7885a2-d790-4bb5-8730-d911a3ab37b3,8710,dev_8171,merch_6640,1518.87,2025-07-10 04:05:31,0
09b3c2df-201b-4918-9f4d-6fe9639ebb0e,8965,dev_8875,merch_6237,1404.47,2025-07-10 19:36:04,0
6e8d7aec-20b9-4801-864d-02d4dd31888c,2381,dev_4729,merch_8827,1697.7,2025-07-10 03:59:46,0
22b5d449-8982-4d3c-a9ae-925fc30206d4,2673,dev_7648,merch_5335,5963.84,2025-07-10 14:14:18,0
0010023d-968d-42eb-a696-4034ee92ce6a,6520,dev_4969,merch_7335,4510.11,2025-07-10 20:30:46,0
fbe0a8ad-ccb3-4027-b9de-bcd6ee5d7e17,4554,dev_2945,merch_6019,1745.8,2025-07-10 07:17:11,0
2ea85626-aeb0-417a-aa10-6e5e907701b2,2454,dev_2882,merch_3392,2370.68,2025-07-10 19:12:00,0
727e2082-54e5-4541-b82e-7936ad49a3c7,8455,dev_6497,merch_3036,674.02,2025-07-10 09:36:38,0
6c07e5ce-5b46-42f4-a3ed-1747c8a8e932,3772,dev_2202,merch_3079,8402.1,2025-07-10 11:03:50,0
4442df1f-270e-43b2-aa5f-17e1071cebfb,7298,dev_5537,merch_5742,2810.27,2025-07-10 11:34:10,0
0fa0c857-607e-4e04-8891-7f5336b1ecfe,3513,dev_4951,merch_2690,3175.92,2025-07-10 05:56:03,0
7cbd9e1f-239c-4e33-87c1-a78c609b77cb,9872,dev_7508,merch_1425,3202.08,2025-07-10 16:52:53,0
c3d92fcb-9dd3-4454-b26c-97dee0bc915d,2281,dev_6083,merch_4037,639.54,2025-07-09 21:33:23,0
b6325ada-61f4-4947-91e4-b465c6102a69,5786,dev_2259,merch_8890,2502.46,2025-07-10 14:28:30,0
b7c0e0e6-6a72-4551-83c0-466d745888d4,7386,dev_7682,merch_4819,2345.67,2025-07-10 01:17:40,0
74aefac2-0668-4c6a-b80f-3bf118d4caf4,4720,dev_2397,merch_6560,2257.26,2025-07-10 00:26:08,0
59e4d154-d0f3-4431-ab51-eeed678a22eb,9121,dev_2238,merch_6548,1421.1,2025-07-09 23:08:15,0
ef6c0ce3-472e-44da-88ef-05173b2a7ab5,5330,dev_8237,merch_8582,261.33,2025-07-09 22:05:04,0
dc260a88-f599-45fd-892a-b283d7bbeb6f,2554,dev_5364,merch_5630,1729.78,2025-07-10 02:33:11,0
d77a45af-5640-4a08-b156-2b9218f6983f,6198,dev_9474,merch_2684,1776.72,2025-07-10 11:34:12,0
ad9c20d2-5c9c-41c8-a66c-f9f8f5e2144a,6275,dev_6079,merch_9402,50.92,2025-07-10 04:04:51,0
7af43bad-a6bc-455a-bbd2-3ace1f174e23,6615,dev_4799,merch_2546,2856.91,2025-07-10 00:41:56,0
2e5f745f-df10-4a28-ae47-c2989a8dbbd3,9186,dev_3043,merch_6501,2496.29,2025-07-10 06:52:51,0
fc8540dd-8208-404a-8f55-e5a889fbf59f,6101,dev_6185,merch_9961,2319.17,2025-07-09 23:52:37,0
5649c9c2-a4ab-44b0-ae2e-0d6188c1aa7b,4785,dev_2644,merch_5374,2504.28,2025-07-10 04:09:44,0
5a65797e-c448-40e3-a40e-4d8a24b728f2,5085,dev_7936,merch_2384,4628.68,2025-07-10 07:03:12,0
efd836f4-3c02-4b43-9480-773f3a3b2236,1226,dev_9933,merch_8436,1843.75,2025-07-10 14:09:11,0
7cdc5ee2-f930-432a-84c8-0168dce7a02b,7432,dev_7297,merch_1615,2712.03,2025-07-10 08:37:19,0
07367e41-486e-492d-ba0c-acf080fddc33,1738,dev_6772,merch_5408,54.89,2025-07-10 05:17:44,0
e86cbfb7-ebfa-489f-8910-58df5256d790,9447,dev_3398,merch_7688,822.42,2025-07-10 09:05:03,0
b2ee7043-53c4-43a8-90b1-4bd97dceac79,7558,dev_7262,merch_8820,544.47,2025-07-09 22:18:12,0
e582b3b1-af51-4236-ab7f-3225ec9c59c4,7789,dev_3856,merch_5876,11170.84,2025-07-10 11:43:29,0
36703ee8-2d17-4626-b14d-323fadee2c0c,9795,dev_2455,merch_6546,2901.53,2025-07-10 04:57:07,0
5eebfd18-e6cc-4bbd-95c7-9783c6b5ca4f,4386,dev_9762,merch_5380,6622.85,2025-07-10 16:54:36,0
114ac36c-e01e-49b8-9ac9-f46881e0795a,4071,dev_2306,merch_3883,5050.42,2025-07-10 15:27:41,0
84477a79-9495-47e5-99dd-fa0210069e53,5638,dev_4201,merch_7704,1667.89,2025-07-10 08:43:00,0
2d95e691-50de-4a7d-936d-9c66df7a9fdc,5706,dev_8403,merch_7797,2312.61,2025-07-09 23:46:19,0
71879075-2f07-4a2d-9a43-8400b5c9266a,7310,dev_6336,merch_8466,2825.32,2025-07-10 16:34:06,0
79cf9540-7877-4c76-867e-bddee693fd74,9196,dev_2728,merch_2999,694.96,2025-07-10 19:58:29,0
ddf249f2-c568-4964-8ea3-70303f99b151,5730,dev_4639,merch_5509,1589.56,2025-07-10 06:11:20,0
3794dbe0-ffc7-423e-93c6-43723d954989,9419,dev_7762,merch_2143,46.56,2025-07-10 17:09:02,0
dafbc59f-7254-4a89-9fc9-f816ccb41527,9503,dev_5634,merch_9255,2413.03,2025-07-10 12:20:37,0
f06f76d1-aafd-4015-9d14-d8b2dce2156d,9084,dev_7207,merch_3307,3472.06,2025-07-10 09:38:41,0
0d2c71dc-b30a-4bdd-a02f-0f1da60e88d3,4870,dev_1338,merch_5676,976.82,2025-07-10 17:58:38,0
140b7b54-749b-40e6-84a9-65e7d5240c07,4859,dev_2088,merch_5182,1201.79,2025-07-10 13:12:22,0
372ed9ae-daf3-47c3-9171-9ce67d988ef4,1245,dev_6414,merch_8227,1646.26,2025-07-10 02:15:59,0
9b17af29-3516-4eca-b203-10876e8affda,9451,dev_4226,merch_7804,5106.56,2025-07-10 19:14:34,0
c8af3277-4c62-4cc2-b316-09cfdfdfbdfb,5538,dev_2231,merch_1448,277.03,2025-07-09 22:39:11,0
7cb5c83c-0862-4841-8ea2-900327a5ea13,2540,dev_5527,merch_7180,313.87,2025-07-10 09:18:05,0
470b5969-ae00-4c90-afce-24f6bb716b3a,9658,dev_6131,merch_5253,6733.48,2025-07-10 20:44:10,0
2ccd5840-0dd4-4869-8db4-4ab611460d15,3128,dev_7190,merch_8334,2981.54,2025-07-10 12:18:09,0
2c6353cb-02b0-4152-a00c-3e7493eeb35c,1947,dev_8922,merch_2370,3178.32,2025-07-10 02:25:16,0
44179c99-9a37-4efa-96d7-b56d24d59714,4271,dev_5683,merch_4035,2169.42,2025-07-10 08:43:39,0
d31f0aa4-16dc-45c4-aad3-d3f97c2a77cf,2494,dev_9906,merch_2190,1254.83,2025-07-10 05:01:43,0
60603e71-440c-46bf-8167-31e922faab5f,5267,dev_1995,merch_9802,1206.83,2025-07-10 18:54:22,0
5e671a44-4512-45f5-8fbc-a60fa9a4df4d,7430,dev_4998,merch_2520,1875.1,2025-07-10 16:52:20,0
91966afc-ff7b-4e1d-aee0-a0ee1fa610f2,4345,dev_6594,merch_4282,50.01,2025-07-09 21:31:41,0
265a9fb9-55f7-4637-9f87-b9c82f18a3c0,7049,dev_5819,merch_2366,439.89,2025-07-10 01:12:28,0
55dc0bc9-b43d-4738-9778-e34c02c10b82,6405,dev_6587,merch_4567,1159.58,2025-07-10 18:37:22,0
bf99c864-7b47-426c-9ab2-e500b7c9984e,1559,dev_2157,merch_1185,3897.97,2025-07-10 17:38:12,0
f69cec4b-acd3-4ed3-8687-01f5e12b8c96,5271,dev_8980,merch_3092,3715.55,2025-07-10 01:26:32,0
7b601320-b4ae-48ab-af33-c13c4533a255,3103,dev_6936,merch_7060,1251.97,2025-07-10 10:02:47,0
892e4041-dad0-4d19-824e-d37b0c0c1af9,7218,dev_6150,merch_3093,409.47,2025-07-10 00:32:08,0
683f4e4f-1f4a-4c78-8345-194af5aef95a,7126,dev_6830,merch_4922,4236.4,2025-07-10 03:23:26,0
6d0bf748-8329-4ded-81ce-21a3a345d149,5576,dev_8558,merch_4890,1303.7,2025-07-10 07:13:51,0
0683dfc9-0d94-4d3a-b3c2-ac51a308f848,4111,dev_2087,merch_3062,62.35,2025-07-10 02:51:54,0
4d9280cf-e05a-4b06-ad75-b651c4adf0c1,8366,dev_3324,merch_2826,131.67,2025-07-10 20:49:47,1
d80e2f44-89ef-40bf-8dce-21886745f35e,5631,dev_9604,merch_8438,2465.51,2025-07-10 17:08:43,0
404d4577-5fc7-4208-a207-03a43c866147,6647,dev_6443,merch_4381,2712.72,2025-07-10 11:36:22,0
2418ed90-e2b6-4294-9e0e-cf75d276eaf7,3037,dev_9049,merch_3853,2377.92,2025-07-10 01:48:09,0
d953b324-850f-42ae-b332-454f25dce0a0,4022,dev_8009,merch_1342,1854.45,2025-07-10 03:39:16,0
75d4a6a1-d717-4142-b3b6-d19ba9ca7eed,7404,dev_1748,merch_1421,1356.68,2025-07-10 17:47:33,0
10d646b0-1e2f-4e95-86e0-498eb5dbdf3a,9246,dev_8057,merch_7774,2657.23,2025-07-10 19:10:32,0
aa372834-7345-4a56-b39c-19caf28c0c10,6865,dev_4401,merch_6575,3769.74,2025-07-10 02:04:41,0
612649b1-a684-4f78-8038-00e5378b1ba8,4555,dev_8965,merch_3034,2683.34,2025-07-10 06:49:27,0
63e39dab-78c2-45fe-9f58-291a3ebcf482,2379,dev_1460,merch_1202,699.2,2025-07-10 17:19:10,0
2d6ac219-e3cd-4ad6-99b7-a9d2821fcab0,2806,dev_2074,merch_8525,2407.0,2025-07-10 07:34:06,0
3aaf655a-53cd-4460-b2f1-e41a393ca002,8347,dev_1771,merch_8436,2539.26,2025-07-10 20:46:50,0
fc717d4c-5f6c-4226-b4ac-9143187ed09b,9812,dev_2276,merch_1163,8927.01,2025-07-10 03:19:23,0
e6272b91-e871-4a11-bd40-e08f86f1b8c5,7491,dev_4738,merch_1016,7234.08,2025-07-10 07:21:03,0
d5273097-d79d-4bde-a5d6-393a45b20aa8,4578,dev_8257,merch_5355,9195.2,2025-07-10 13:13:11,0
dfdb0a98-669c-4ea8-8ebc-ffa3ef173c06,2075,dev_2435,merch_1200,4885.99,2025-07-10 04:40:46,0
e706574d-8a47-4ec9-a967-310996a1bf40,7769,dev_7113,merch_8109,3439.04,2025-07-10 09:23:17,0
1785692c-c480-4cf2-97ed-097d65c1a57c,2493,dev_3900,merch_2373,376.19,2025-07-10 17:04:28,0
18292cb3-d443-490f-be04-045ad2490b97,8826,dev_1294,merch_3257,152.95,2025-07-10 05:36:07,0
645fe44c-b490-413b-aa7e-e67be821ab4f,7343,dev_8837,merch_3627,4691.16,2025-07-10 10:06:36,0
c212380e-e772-4390-a2d8-0cb80ca290e3,6873,dev_7675,merch_5662,1197.55,2025-07-10 13:49:24,0
0b8f828f-de53-4673-89ba-b4ee500ce1fb,9550,dev_4570,merch_9973,524.77,2025-07-10 09:10:37,0
b4ebffe1-2a25-4d2b-bd50-0bc0d20a0133,5841,dev_6665,merch_9019,3081.43,2025-07-10 09:44:00,0
53d5a826-7dce-426f-8108-8edbfbc564b5,3058,dev_2067,merch_5567,1088.07,2025-07-10 14:15:20,0
77154f8d-8a65-4278-b000-4c9bf3b34bfa,6762,dev_7828,merch_2396,1546.15,2025-07-10 04:46:23,0
7abfe7cb-43bf-4326-9558-75393e5d1362,3274,dev_4722,merch_8961,4898.87,2025-07-10 13:20:30,0
18c75f66-c276-435d-b117-5c238045ac14,9528,dev_2605,merch_1187,478.94,2025-07-10 09:06:22,0
f6daa7f3-eb45-4d06-bddb-e2db04ac072f,6350,dev_5018,merch_9074,1812.52,2025-07-10 07:22:35,0
f519eaa3-92fd-47d0-a3d6-89adf261685b,5384,dev_4787,merch_3468,4985.25,2025-07-09 23:52:04,0
6320543f-eb83-4398-82fd-ebdc5a5d696d,5412,dev_4478,merch_4687,2606.26,2025-07-10 15:22:47,0
930bb9bd-6e2b-48d6-a61b-1726a7e837be,1584,dev_5719,merch_8813,3132.41,2025-07-10 16:16:51,0
e6c476f5-af78-4b5d-a218-783ceb78b76c,7092,dev_1586,merch_1162,546.86,2025-07-09 23:57:08,0
32b9abba-d6b6-425b-9a46-cb357d613ff4,8980,dev_5098,merch_9330,706.94,2025-07-10 10:18:50,0
5ab51597-c9a2-456f-b518-fdaf5ec538bf,8750,dev_9897,merch_9483,4701.81,2025-07-10 10:51:12,0
ec776414-c195-4595-b085-98aa70c690b1,6396,dev_3521,merch_1991,104.14,2025-07-10 03:17:16,0
ea67de01-f9db-4aad-8405-d9ea60dc4b54,4246,dev_1322,merch_1020,2193.89,2025-07-10 03:22:32,0
ccbd25fc-fe26-43a6-906f-19f2ecc1a0da,1147,dev_1695,merch_6950,3675.45,2025-07-10 05:39:23,0
6bc34a25-d329-46fc-a032-d872fac45eb4,1014,dev_5270,merch_3460,707.45,2025-07-10 00:45:42,0
8be717c7-46ef-48ac-af77-29b9c444ac8a,4616,dev_6784,merch_2491,856.15,2025-07-10 02:58:07,0
c4fe5651-d3a8-456f-bfef-5900a432b032,1577,dev_3639,merch_9703,7328.35,2025-07-10 06:41:03,0
28546a6b-baa4-4abc-96d6-7c4bbe58b054,3802,dev_4917,merch_2534,885.63,2025-07-10 04:18:20,0
99ae87fa-4856-4856-a64d-74c34c586be7,4074,dev_3719,merch_3481,265.14,2025-07-10 03:44:47,0
fd4681e2-70f1-46b4-b877-e99227ae282a,7521,dev_4937,merch_4561,5524.71,2025-07-09 21:22:44,0
9ab9c546-9901-4d5e-8a4c-751f0eab5fcb,1418,dev_3513,merch_3671,6849.63,2025-07-10 19:04:47,0
bb9a66b7-bf3c-4cff-9670-fda8c4fc8199,3622,dev_9969,merch_5415,851.62,2025-07-09 21:38:37,0
893bc3b1-8f0c-41fd-a82e-c7c57f3c66fd,2964,dev_6823,merch_8206,4234.36,2025-07-10 14:14:07,0
151599b4-e89a-4123-900a-17bf058b4b99,1738,dev_9184,merch_4020,3116.17,2025-07-10 05:59:08,0
10527bf2-0984-4b59-beaa-fbadbb188c97,3557,dev_8322,merch_2843,1701.46,2025-07-10 17:00:12,0
b212d554-bbce-41ab-92e1-32d40ab1ff05,8221,dev_1521,merch_6812,2469.38,2025-07-10 09:00:10,0
a895a349-4f2d-4d15-81c7-bb432ee9b6b4,2371,dev_6752,merch_6585,2514.82,2025-07-10 04:49:03,0
a918fffa-4f1a-4cdf-af64-c16d3444acdb,4052,dev_1921,merch_7126,4430.65,2025-07-10 17:25:55,0
e8b55743-8831-4bb7-a576-bd9d61d04914,5452,dev_8341,merch_7720,1380.88,2025-07-09 21:12:30,0
25e5d8bd-bd6d-4109-9715-7e0023a10df9,5458,dev_1449,merch_4002,3667.96,2025-07-10 00:48:40,0
d3844a6b-2029-4058-ac90-b5179220b4d7,2265,dev_5237,merch_1301,370.71,2025-07-10 10:26:51,0
1fe7ca44-3bf3-4b8c-bac9-d60d6b9877f5,8908,dev_2680,merch_8766,684.18,2025-07-10 10:28:23,0
c68d6519-032e-4b74-b675-fd44b92d1265,9854,dev_9112,merch_5917,4114.64,2025-07-10 01:23:26,0
c64b75a7-1955-4459-a3eb-ba7126e430c2,2678,dev_3900,merch_4956,5001.69,2025-07-10 03:43:20,0
2075cea4-79c9-4c2c-9a37-a8de49f32719,2108,dev_5653,merch_6020,3736.92,2025-07-10 15:40:36,0
e75e379f-fbf0-461a-839f-0836db9bd70d,2910,dev_5972,merch_7885,5183.95,2025-07-10 19:59:54,0
87b75297-667e-41aa-8827-2ea143ef9af7,3463,dev_7974,merch_5405,1182.32,2025-07-10 00:27:26,0
475d6a08-8b97-4e49-9198-bc897be468de,6186,dev_5632,merch_1270,570.39,2025-07-10 18:27:30,0
31f99cad-29c2-4c7a-be53-72fa27035be8,9162,dev_1362,merch_5999,2623.96,2025-07-10 16:11:49,0
00a2e8c3-0779-4602-9c22-67640ed086d3,9155,dev_2666,merch_2548,3582.95,2025-07-10 18:26:49,0
7365612a-0c6d-4833-b29c-aae60b719842,1437,dev_4316,merch_9198,7229.11,2025-07-10 17:02:31,0
63232e28-bba7-4f17-845e-636dbaab86f9,3058,dev_6401,merch_2812,7880.09,2025-07-10 19:09:37,1
6f62266c-7b95-410f-81d1-7a59100eb696,5899,dev_7449,merch_1698,2662.8,2025-07-09 21:14:32,0
8caccb92-1088-479b-963a-5ff15b7ec9f1,2402,dev_4792,merch_8011,508.64,2025-07-09 21:46:34,0
c9d56089-a053-452c-9b36-ae934d7951ad,3241,dev_1710,merch_3419,331.02,2025-07-10 19:24:28,1
2eda5e3d-54cd-4982-bc8d-9825cf598ca1,5544,dev_7505,merch_9494,3545.7,2025-07-10 20:11:32,0
6deb3940-818d-42c6-b543-8ff22fde7b92,5695,dev_3899,merch_3024,6731.54,2025-07-10 07:47:53,0
6f4c68e3-9c46-4d5a-96b5-e854d25bb690,8677,dev_9069,merch_9964,2063.09,2025-07-10 19:01:30,0
d59f654a-f2d2-4db3-91df-cd2d78117e75,3539,dev_4356,merch_6010,1412.36,2025-07-10 10:57:33,0
01eadea3-8306-4792-ab6f-2ebcabc2d8b8,4874,dev_3566,merch_2509,2296.71,2025-07-10 15:46:59,0
d246d671-380c-4723-8899-987687ebfa71,2154,dev_7262,merch_3769,2897.05,2025-07-10 15:35:02,0
4799a209-c45d-4947-a70b-722347835578,5666,dev_7655,merch_6430,5818.35,2025-07-10 17:12:01,0
204f6a5e-90ff-4bfb-aba5-109c8894f59e,8127,dev_5692,merch_6899,5656.62,2025-07-10 01:54:32,0
43c5e2ca-9c07-4c78-845e-c4006bafebad,5227,dev_3367,merch_3897,3912.72,2025-07-10 02:52:19,0
ff2074ba-11ad-4854-82ef-e54e486f6b63,1974,dev_6071,merch_5618,1154.4,2025-07-10 12:42:33,0
597e157a-f4c3-4873-a961-1e1fe006fd73,4791,dev_2674,merch_3924,2097.84,2025-07-10 02:59:13,0
95688463-1d70-4b58-83b5-55bce8b2e87a,2259,dev_9435,merch_5773,3981.63,2025-07-10 17:39:21,0
0aa7dd56-061f-4e88-a4dd-6816702cd2eb,7886,dev_6037,merch_5699,1046.99,2025-07-10 02:05:39,0
92c02b5c-81cf-48ac-8f47-76f70a37cd1c,5123,dev_7738,merch_1293,1569.59,2025-07-10 06:39:07,0
c0dd18de-fc07-480a-a923-e84fc7f98964,9022,dev_2171,merch_9216,2623.78,2025-07-10 19:43:36,0
788fbf70-dc21-4f14-9049-7163d3ff1c79,9856,dev_8985,merch_2703,2056.74,2025-07-10 06:11:04,0
281ec4ae-5490-476e-8864-f34b806fe351,6280,dev_8452,merch_6658,4479.93,2025-07-10 20:37:15,1
21ed0315-40f1-40ef-b037-3bd691e462d8,4852,dev_7159,merch_2381,137.7,2025-07-10 18:31:38,0
daeb1fb7-4eaf-477e-8b3d-2bb620ce8a1e,4860,dev_4658,merch_7211,1917.41,2025-07-10 20:26:02,0
daefabf2-5398-4a30-b8d1-b430ce17f52c,8131,dev_8958,merch_1774,5614.43,2025-07-10 09:09:44,0
ffb05b89-7bfc-4153-bb45-6fea75a7fac0,7207,dev_5824,merch_4482,631.08,2025-07-10 13:01:51,0
1d145ef1-5630-489e-9034-85972e95758d,6681,dev_6123,merch_4890,4334.72,2025-07-10 09:38:59,0
413725a0-c070-4528-83d2-e0d144989fc9,2990,dev_2820,merch_3153,22.25,2025-07-10 09:07:48,0
b7bbe778-c470-47a9-b089-2ede44a2b708,4554,dev_9007,merch_4859,5247.63,2025-07-10 20:59:27,0
9d809513-c2f4-4b92-90c2-e0913e066f1d,6189,dev_4609,merch_9397,2263.94,2025-07-10 01:45:42,0
05170f35-3494-4bb1-944f-eb3c4e0cefd6,3269,dev_8833,merch_1541,2153.17,2025-07-10 19:48:27,0
b502a00c-f4b0-4016-a115-b3570d7e5dfe,7826,dev_9141,merch_9975,762.88,2025-07-10 01:35:31,0
0f44c44c-0802-4210-90da-4d1d79febae5,7104,dev_6565,merch_1376,1088.32,2025-07-10 04:56:02,0
bae4c793-3c51-4e21-85c5-333abf4d12a4,7209,dev_9466,merch_6059,3044.8,2025-07-10 17:22:23,0
a9b1522f-fdf1-4ea8-a830-6819115db3d7,4889,dev_2771,merch_5242,3201.16,2025-07-09 21:50:16,0
a44b88d8-e479-4cd4-bf3e-b95adc408bf0,6132,dev_9201,merch_6618,3088.79,2025-07-10 05:20:47,0
460acdde-5179-4aa2-ab43-b83927aef86b,1393,dev_7139,merch_7693,9359.71,2025-07-10 08:40:44,0
68bbbfb0-9656-40ec-a092-4f5ad48e3c0a,4790,dev_4445,merch_2575,2669.44,2025-07-09 21:36:41,0
54dd0d0a-58b3-4af6-ae77-9f01ec1d77d7,3019,dev_1158,merch_7701,14496.36,2025-07-09 22:22:57,0
06258e74-c6dd-4bbe-9c02-d72bc6ad2326,5450,dev_3190,merch_9186,4235.55,2025-07-10 12:39:52,0
7760afca-b440-43d9-87dd-10a10a556051,5104,dev_9812,merch_4821,1868.47,2025-07-10 16:52:32,0
3e10c784-9410-4c2e-a01f-24ecfc99deac,7602,dev_2841,merch_6972,70.96,2025-07-10 04:02:08,0
d942ff1a-aa49-46b8-a9c9-167cf5c481b4,4698,dev_8807,merch_7744,2962.81,2025-07-10 18:40:13,0
ce8ff62f-d053-4248-ad4a-269282c7b4e9,5768,dev_1053,merch_5232,3477.79,2025-07-10 07:47:18,0
cd6e4a39-4e0a-4096-90c6-e4ed5c1afaf9,1588,dev_2009,merch_9492,4258.73,2025-07-10 03:44:21,0
d8fa084d-085d-42d5-b278-c14bf328ddb8,6436,dev_4386,merch_5977,1694.65,2025-07-10 16:41:26,0
dedaf4cc-bd00-4dfa-9760-5b4ff1cce3e2,5091,dev_3269,merch_4241,351.0,2025-07-09 23:18:34,0
4b2e8a95-ccb9-455c-9806-b29bd4cedb4c,2185,dev_3438,merch_6678,1933.76,2025-07-10 05:55:28,0
5e29d6cc-d71b-4cd1-b883-1580461e3c99,2228,dev_2722,merch_6983,611.27,2025-07-10 06:48:31,0
45251be4-1f84-444b-b25a-5d69150e32b1,5443,dev_2046,merch_4892,3694.82,2025-07-10 05:57:43,0
b6cb8688-c8f7-42a5-82d3-f3187b8b43e3,9342,dev_1568,merch_3619,893.18,2025-07-10 10:07:54,0
c93b8df3-a7a6-4968-ae0e-5393be6d4ae7,7778,dev_1201,merch_9427,342.1,2025-07-10 10:04:50,0
71c47104-ec58-4901-a93d-3dd6118ca752,4562,dev_4015,merch_3496,4094.97,2025-07-10 11:56:58,0
090e045d-5f88-4fba-87c9-c3d60b7cfc5e,4854,dev_3430,merch_3627,5021.4,2025-07-10 14:54:28,0
25e64797-404f-42d5-b12e-3d3bbce6bbea,7232,dev_4996,merch_1364,588.31,2025-07-10 06:59:17,0
2420e119-5724-4ddb-9f40-7ed3cb2d814b,1396,dev_9855,merch_2983,5027.19,2025-07-09 21:28:56,0
c8d651c9-0083-4b39-9dfb-6f64fdfaf61c,8554,dev_8542,merch_8907,573.48,2025-07-10 15:20:25,0
6e20e9e0-fccf-4b4d-ae22-27aaa91e07f4,8375,dev_7554,merch_4717,133.26,2025-07-10 08:43:48,0
1b92a873-89fd-40ce-8bd5-1b260c7ac77d,1777,dev_8134,merch_5042,1658.3,2025-07-10 16:55:09,0
47311420-0e7a-451b-b049-223a011ff809,7055,dev_9944,merch_6418,262.36,2025-07-10 14:48:50,0
725e13af-b56a-4c9c-b18a-e1de62d60a60,7564,dev_7718,merch_6343,1490.63,2025-07-09 21:24:24,0
291d2153-387c-4941-bf36-365a2700b288,6790,dev_9217,merch_4329,1663.13,2025-07-10 09:34:50,0
9be32ba6-c0d1-42ea-b18e-88a118fee771,6805,dev_8992,merch_3938,5599.62,2025-07-09 23:52:43,0
3a39f2d1-4be5-495e-8d82-568ad6800e12,4204,dev_9565,merch_7163,4480.89,2025-07-10 10:52:40,0
f0ac2e4c-9c92-4474-9a67-1a40dd1f1584,6719,dev_7989,merch_5395,67.51,2025-07-10 10:15:02,0
132d88d2-4b5c-4ec3-b87c-30cd280b26b4,9051,dev_6303,merch_5000,819.72,2025-07-10 05:46:22,0
48cc30e7-1b81-4f50-bec0-87aef5d346bd,3082,dev_5115,merch_6982,1352.77,2025-07-10 07:59:30,0
add801a7-5094-4b85-bb50-571126e78dcf,6307,dev_9488,merch_9819,1722.7,2025-07-10 20:09:04,0
2aee5e17-3c77-46cc-b284-7ef74518a629,1966,dev_8677,merch_4124,1400.43,2025-07-10 09:32:46,0
1a116816-defa-4afc-9024-9378d14f492d,2884,dev_1039,merch_4269,4783.29,2025-07-10 20:23:36,0
e04247b8-8fd2-407f-b327-6d5194a017fc,7763,dev_8946,merch_4507,1518.65,2025-07-10 10:58:29,0
84815fc7-271e-423c-9eb9-9593d549818d,1841,dev_6273,merch_3588,4436.57,2025-07-10 07:54:38,0
e5ecb76d-c49d-4df9-b874-9218088e67e4,7290,dev_3542,merch_7066,10.75,2025-07-10 03:40:21,0
48f936f9-01ed-48ab-a805-305fbf26935b,5847,dev_7413,merch_8037,1317.95,2025-07-10 03:55:11,0
f70df9a0-2cb8-4f3d-861f-34106f696091,2663,dev_7607,merch_1581,907.01,2025-07-10 20:18:28,0
c5772a76-f4dc-47f0-8f29-4c8a8e6d23c2,9391,dev_7735,merch_9471,86.85,2025-07-10 20:33:22,0
47364da6-154f-4f0f-acd8-70a9452841f5,4867,dev_1028,merch_4753,3017.15,2025-07-10 00:15:17,0
68a4f0a3-64b2-4180-a388-251e7b746778,5454,dev_4306,merch_8898,1036.35,2025-07-10 15:37:18,1
56356f4c-c4bf-4201-95ef-83c478bd2fd8,6701,dev_1311,merch_1704,1313.4,2025-07-10 19:17:53,0
898e56bc-6c6b-4577-b1a4-43287b24e896,7402,dev_5426,merch_7967,3605.53,2025-07-10 05:43:23,1
8c3cad18-36c2-4a74-80b4-e07014f20509,5406,dev_7266,merch_3722,2502.35,2025-07-10 00:15:28,0
2ac85d52-49c3-4b22-8cdd-166b9df3d093,5399,dev_2402,merch_2334,1453.73,2025-07-10 09:49:52,0
e4952dec-e2ca-40e6-abd6-5e2ed8a0aa27,9893,dev_4919,merch_2647,6233.57,2025-07-10 12:42:41,0
0ba95586-d526-42c9-8280-e2beb27687bb,6462,dev_3959,merch_1323,1192.17,2025-07-10 14:48:43,0
43fdffbf-ce8f-4280-9da4-7e35eec7d21f,8426,dev_4763,merch_6961,531.43,2025-07-09 22:49:17,0
5d60b394-3615-43cd-b861-d062cc2770a9,2672,dev_1900,merch_6745,834.39,2025-07-09 22:07:35,0
73bf17b9-e7ac-43dc-8d8d-c7c4ad92479b,8954,dev_9947,merch_6956,60.81,2025-07-10 08:01:03,0
98d3dfc4-300f-4364-a18e-eeb3e60fb339,7393,dev_2358,merch_4266,641.35,2025-07-10 13:13:57,0
efdf48ac-a724-490e-8b72-92eb0391b9d0,4449,dev_9845,merch_2701,2979.76,2025-07-09 23:19:13,0
c8bec32f-fb11-4332-a055-2e81e50fc073,4182,dev_6787,merch_7403,1018.12,2025-07-10 12:57:32,0
097b491e-9eee-4205-8da7-5a85c072d1ad,4903,dev_3250,merch_1962,912.17,2025-07-10 05:29:17,0
b09a25c0-9793-494e-abe1-fdfd1e8f05f8,3735,dev_3433,merch_5041,3676.8,2025-07-10 10:07:21,0
b5abb3d3-8b2c-4814-b95a-a7a1d6a30ea6,6985,dev_6339,merch_3297,3371.52,2025-07-10 18:49:44,0
80b596e5-e44b-4011-a1de-b1995fb183df,9829,dev_7952,merch_9894,5014.94,2025-07-10 09:20:09,0
5f6fa320-8246-465f-84a8-f12ea1aa9595,1238,dev_4221,merch_4636,1934.57,2025-07-09 23:29:03,0
14946421-06bb-4304-808d-df9a16b701c9,5335,dev_5413,merch_1759,693.4,2025-07-10 19:52:04,0
4de7c8d8-f881-4d4c-8265-60023cd0c76e,1424,dev_4423,merch_6329,5456.73,2025-07-10 07:51:06,0
c459f9db-656c-4c67-8a0d-f1be6745dd61,9380,dev_1736,merch_5146,11.5,2025-07-10 03:44:19,0
b5e05608-ac74-47ce-b859-926c1bbc2d1f,8689,dev_9958,merch_9172,64.24,2025-07-10 14:17:02,0
174e17c5-9502-4c65-88df-44538524404f,2859,dev_6156,merch_5301,1159.72,2025-07-10 01:11:10,0
7dd3f0b1-8b69-4af6-8ff4-020f5d57a6d1,6207,dev_3439,merch_1165,6342.23,2025-07-10 14:29:06,0
28694c96-fc9a-4476-b22d-881328c4e91a,2830,dev_8315,merch_4927,5937.23,2025-07-09 22:33:07,0
7c1191d7-7ac6-488c-8c93-304fecb40ebc,7769,dev_9768,merch_1654,5378.16,2025-07-10 02:04:54,0
a3bbe216-0f5c-4e5c-b085-d477ae1c2a07,8953,dev_5021,merch_2103,3639.48,2025-07-10 06:51:42,0
9362b413-849b-4f31-847b-39fb5bcd1d0f,4579,dev_7654,merch_2310,944.83,2025-07-10 03:57:57,0
e45d3393-0abf-4659-9f42-b2fa0d2f19f6,1496,dev_2726,merch_1346,4854.19,2025-07-09 23:23:31,0
7339e4d9-afc0-4ffb-8131-e930594333d0,3632,dev_8329,merch_3337,2262.83,2025-07-09 23:31:12,0
77e0ba4c-d1d7-4d3b-a2d8-b08c6fa047d0,6069,dev_5383,merch_9973,7584.62,2025-07-10 10:04:20,0
7ebff100-1f31-4150-8556-ba535a830778,3710,dev_2984,merch_7867,3893.92,2025-07-10 13:50:34,0
ab41ddff-dfd7-4951-a61b-688e99729481,7310,dev_6987,merch_8665,4190.6,2025-07-10 00:53:25,0
6410b716-edf1-4390-825d-689c34569dee,3892,dev_6122,merch_3214,924.8,2025-07-10 07:53:07,0
a120ac8a-4379-44a0-8604-58432cfcbe2a,9380,dev_3837,merch_2944,2645.73,2025-07-10 05:28:54,0
7dd91629-39f5-44ce-b9ca-f6dcf86e8a64,9476,dev_2581,merch_8665,703.23,2025-07-10 15:44:38,0
25b78f56-6e2f-4259-a3f8-db7fa021a506,6822,dev_8179,merch_4173,1474.62,2025-07-10 14:02:50,0
bd76a432-5200-446b-845f-3fafe5af96a1,6084,dev_8664,merch_8504,910.28,2025-07-09 21:28:57,0
203f2b2a-d824-4772-8a64-1ea2b506103a,6633,dev_7125,merch_7372,1720.18,2025-07-10 10:35:35,0
9611ddc2-227f-4495-8f49-e5a18081f1d2,5957,dev_3280,merch_3149,3595.12,2025-07-10 06:56:22,0
05b93fad-11ab-46ce-8fd3-16da45ab48ad,3661,dev_3414,merch_1767,6293.21,2025-07-10 15:25:59,0
9aa86345-28d3-4c27-b699-69e6048ed852,5419,dev_2459,merch_1454,3144.45,2025-07-10 19:07:26,0
fd6f3ca1-ddc5-4eaf-800f-e20d10ec58ee,2959,dev_8351,merch_6842,2828.75,2025-07-10 09:07:35,0
0b791b41-2f67-4d83-89cd-dbd8a3a5ac25,8910,dev_6089,merch_7682,1397.02,2025-07-10 00:33:01,0
3b37709a-b869-41ee-97c8-4eaf6c9bffc0,2402,dev_3629,merch_8489,43.75,2025-07-10 15:13:12,0
e74f5b45-b60b-4e6a-9274-c8e78686551a,9297,dev_2092,merch_8165,2038.37,2025-07-10 00:40:29,0
1ee2ff84-453b-4ee5-b78c-747c8bddf6da,4521,dev_6240,merch_1716,787.12,2025-07-10 06:41:32,0
5bbaf4cf-31f4-461f-bb7e-5103d0ea2122,5250,dev_1845,merch_3364,4251.51,2025-07-10 14:01:00,0
e5d595a0-dba2-4048-a017-c32d5869ee85,1462,dev_5592,merch_2995,2294.01,2025-07-10 18:48:56,0
173141d6-ac94-4d50-b2eb-fe078d8251e4,6736,dev_8566,merch_8535,1722.76,2025-07-10 14:02:48,0
24c75b4e-3ac1-46d9-abb2-e52531f58cf6,4876,dev_7370,merch_1760,105.49,2025-07-09 23:54:33,0
05e9ebe7-a67e-4398-a6de-a87157eef79c,3416,dev_9914,merch_6937,3926.54,2025-07-10 08:37:26,0
3191634d-ac9b-4763-914c-92096eb8b180,2403,dev_4836,merch_1408,1092.12,2025-07-09 22:26:54,0
f44f0302-0277-4910-9a1c-d066042f4d0a,9738,dev_5715,merch_8139,581.14,2025-07-10 13:07:49,0
cef4257e-81bc-4204-8752-eb7b74128beb,7592,dev_8183,merch_7794,3890.47,2025-07-10 00:17:11,0
8dab962e-73fb-4ffe-9716-0595ffb7f644,2854,dev_3342,merch_5855,3888.56,2025-07-10 10:31:44,0
b6264a7c-4776-4a75-b8fd-6220ef9d6e41,7401,dev_5835,merch_9639,1318.9,2025-07-10 08:56:58,0
0e80080c-7ada-441d-88f8-af6aecb5f7ad,9756,dev_4779,merch_7558,227.67,2025-07-09 22:42:42,0
0062ee27-d205-4bb5-ac17-c580e503415d,9700,dev_1683,merch_7088,478.51,2025-07-10 02:11:28,0
99a31a9c-b0bd-4486-9b53-e819e617a8c6,6490,dev_4048,merch_4207,1561.4,2025-07-10 01:37:11,0
df88a800-cbd1-4d5d-89f8-d54726d5eed6,9126,dev_3005,merch_9125,5413.07,2025-07-10 08:27:10,0
428a52a2-51da-4224-907e-46c74fcc84b0,1157,dev_2314,merch_2997,3335.81,2025-07-10 05:39:17,0
02626aac-80de-41c2-8c49-a34ae225fea0,6525,dev_4950,merch_8281,5595.61,2025-07-10 20:56:15,0
36bc7dd3-bc3b-4773-94c4-b756223da1f3,5667,dev_7858,merch_1922,158.81,2025-07-10 05:18:22,0
